市町村コード,都道府県 市町村名,国土地理院での初回公開日,最終更新日,データ整備状況の特筆事項
01100,北海道札幌市,,,データ未登録
01202,北海道函館市,2017/2/22,2024/6/20,
01203,北海道小樽市,2017/2/22,2023/5/9,
01204,北海道旭川市,2017/2/22,2024/6/25,
01205,北海道室蘭市,2017/2/22,2024/5/31,
01206,北海道釧路市,2018/3/26,2023/3/1,
01207,北海道帯広市,2017/12/11,2023/4/26,
01208,北海道北見市,2017/2/22,2024/8/28,
01209,北海道夕張市,2017/2/22,2023/3/10,
01210,北海道岩見沢市,2018/4/18,2023/2/21,
01211,北海道網走市,2018/3/29,2024/9/3,
01212,北海道留萌市,2018/6/18,2024/6/14,
01213,北海道苫小牧市,2017/2/22,2024/9/3,
01214,北海道稚内市,2017/2/22,2023/3/10,
01215,北海道美唄市,2017/2/22,2024/6/3,
01216,北海道芦別市,2017/2/22,2024/6/3,
01217,北海道江別市,2017/2/22,2023/6/12,
01218,北海道赤平市,2017/10/2,2023/1/1,
01219,北海道紋別市,2017/2/22,2024/8/29,
01220,北海道士別市,2017/2/22,2024/6/4,
01221,北海道名寄市,2017/2/22,2024/5/30,
01222,北海道三笠市,2017/2/22,2024/6/13,
01223,北海道根室市,2017/10/30,2024/6/4,
01224,北海道千歳市,2017/2/22,2023/4/11,
01225,北海道滝川市,2017/2/22,2024/5/22,
01226,北海道砂川市,2017/2/22,2024/5/20,
01227,北海道歌志内市,2017/2/22,2023/1/1,
01228,北海道深川市,2017/2/22,2024/4/23,
01229,北海道富良野市,2017/2/22,2023/10/13,
01230,北海道登別市,2017/2/22,2024/6/6,
01231,北海道恵庭市,2017/3/13,2023/1/1,
01233,北海道伊達市,2017/11/13,2024/6/5,
01234,北海道北広島市,2017/10/10,2024/6/7,
01235,北海道石狩市,2017/3/22,2023/2/24,
01236,北海道北斗市,2017/2/22,2023/1/1,
01303,北海道当別町,2017/2/22,2024/6/17,
01304,北海道新篠津村,2017/10/10,2024/5/7,
01331,北海道松前町,2017/2/22,2024/5/28,
01332,北海道福島町,2017/2/22,2023/2/24,
01333,北海道知内町,2018/5/1,2023/1/1,
01334,北海道木古内町,2018/5/1,2023/11/16,
01337,北海道七飯町,2017/2/22,2023/4/4,
01343,北海道鹿部町,2017/2/22,2024/5/7,
01345,北海道森町,2017/10/25,2023/7/4,
01346,北海道八雲町,2018/2/5,2023/1/1,
01347,北海道長万部町,2017/2/22,2024/6/4,
01361,北海道江差町,2018/5/1,2023/2/20,
01362,北海道上ノ国町,2017/2/22,2024/6/17,
01363,北海道厚沢部町,2017/2/22,2023/3/14,
01364,北海道乙部町,2018/3/19,2023/1/1,
01367,北海道奥尻町,2017/2/22,2023/1/1,
01370,北海道今金町,2017/2/22,2023/1/1,
01371,北海道せたな町,2017/2/22,2023/3/1,
01391,北海道島牧村,2018/3/19,2024/8/29,
01392,北海道寿都町,2017/2/22,2023/1/1,
01393,北海道黒松内町,2018/6/18,2023/2/20,
01394,北海道蘭越町,2018/3/29,2024/6/25,
01395,北海道ニセコ町,2018/3/19,2023/1/1,
01396,北海道真狩村,2018/3/19,2023/1/1,
01397,北海道留寿都村,2017/2/22,2024/6/4,
01398,北海道喜茂別町,2017/2/22,2023/5/9,
01399,北海道京極町,2022/2/28,2023/1/1,
01400,北海道倶知安町,2018/4/2,2023/1/1,
01401,北海道共和町,2018/5/14,2024/8/30,
01402,北海道岩内町,2017/2/22,2023/4/28,
01403,北海道泊村,2018/5/16,2023/1/1,
01404,北海道神恵内村,2018/4/2,2023/1/1,
01405,北海道積丹町,2017/9/4,2024/6/4,
01406,北海道古平町,2017/2/22,2023/3/9,
01407,北海道仁木町,2017/10/10,2023/1/1,
01408,北海道余市町,2018/5/14,2023/1/1,
01409,北海道赤井川村,2017/2/22,2023/3/6,
01423,北海道南幌町,2017/2/22,2023/1/1,
01424,北海道奈井江町,2018/4/18,2023/1/1,
01425,北海道上砂川町,2018/7/2,2024/6/5,
01427,北海道由仁町,2017/11/13,2023/1/1,
01428,北海道長沼町,2017/2/22,2024/6/5,
01429,北海道栗山町,2017/10/10,2023/1/1,
01430,北海道月形町,2017/2/22,2023/1/1,
01431,北海道浦臼町,2018/3/19,2023/3/14,
01432,北海道新十津川町,2017/3/3,2023/4/26,
01433,北海道妹背牛町,2017/2/22,2023/7/19,
01434,北海道秩父別町,2017/2/22,2024/6/3,
01436,北海道雨竜町,2018/3/26,2023/1/1,
01437,北海道北竜町,2017/10/25,2023/1/1,
01438,北海道沼田町,2017/2/22,2023/1/1,
01452,北海道鷹栖町,2017/11/6,2023/1/1,
01453,北海道東神楽町,2018/3/12,2023/1/1,
01454,北海道当麻町,2018/3/26,2023/1/1,
01455,北海道比布町,2017/2/22,2023/1/1,
01456,北海道愛別町,2018/3/5,2024/5/31,
01457,北海道上川町,2017/2/22,2023/1/1,
01458,北海道東川町,2021/8/30,2023/1/1,
01459,北海道美瑛町,2020/4/21,2023/1/1,
01460,北海道上富良野町,2017/10/10,2024/5/29,
01461,北海道中富良野町,2021/3/29,2024/5/30,
01462,北海道南富良野町,2018/3/12,2023/1/1,
01463,北海道占冠村,2018/3/19,2023/1/1,
01464,北海道和寒町,2019/7/22,2023/1/1,
01465,北海道剣淵町,2018/3/12,2024/6/5,
01468,北海道下川町,2022/2/25,2023/1/1,
01469,北海道美深町,2018/4/16,2023/1/1,
01470,北海道音威子府村,2018/3/12,2023/1/1,
01471,北海道中川町,2022/2/25,2023/1/1,
01472,北海道幌加内町,2018/3/26,2023/3/9,
01481,北海道増毛町,2017/2/22,2024/6/7,
01482,北海道小平町,2018/3/19,2023/3/10,
01483,北海道苫前町,2018/5/2,2023/1/1,
01484,北海道羽幌町,2017/11/21,2024/4/4,
01485,北海道初山別村,2018/4/18,2023/1/1,
01486,北海道遠別町,2017/2/22,2023/1/1,
01487,北海道天塩町,2018/4/18,2024/6/17,
01511,北海道猿払村,2017/2/22,2023/1/1,
01512,北海道浜頓別町,2018/3/19,2023/2/20,
01513,北海道中頓別町,2018/3/26,2023/3/14,
01514,北海道枝幸町,2017/2/22,2023/1/1,
01516,北海道豊富町,2018/3/19,2024/5/29,
01517,北海道礼文町,2018/4/18,2023/1/1,
01518,北海道利尻町,2022/3/18,2023/4/28,
01519,北海道利尻富士町,2017/2/22,2023/3/10,
01520,北海道幌延町,2018/1/15,2023/1/1,
01543,北海道美幌町,2018/3/26,2023/2/27,
01544,北海道津別町,2017/10/10,2023/1/1,
01545,北海道斜里町,2018/3/26,2023/3/8,
01546,北海道清里町,2018/4/16,2023/1/1,
01547,北海道小清水町,2017/2/22,2023/1/1,
01549,北海道訓子府町,2018/3/12,2023/9/29,
01550,北海道置戸町,2018/4/25,2023/1/1,
01552,北海道佐呂間町,2018/3/12,2023/1/1,
01555,北海道遠軽町,2018/3/19,2024/6/3,
01559,北海道湧別町,2017/2/22,2024/5/8,
01560,北海道滝上町,2018/3/12,2024/6/24,
01561,北海道興部町,2017/2/22,2024/6/4,
01562,北海道西興部村,2018/3/12,2023/2/17,
01563,北海道雄武町,2017/2/22,2023/2/28,
01564,北海道大空町,2022/3/4,2023/1/1,
01571,北海道豊浦町,2018/6/25,2024/5/27,
01575,北海道壮瞥町,2018/4/2,2023/1/1,
01578,北海道白老町,2018/4/16,2023/1/1,
01581,北海道厚真町,2022/2/25,2023/1/1,
01584,北海道洞爺湖町,2018/4/9,2024/6/17,
01585,北海道安平町,2018/4/2,2024/6/6,
01586,北海道むかわ町,2018/4/16,2024/8/30,
01601,北海道日高町,2017/10/25,2023/2/22,
01602,北海道平取町,2017/11/21,2023/1/1,
01604,北海道新冠町,2018/3/19,2024/6/5,
01607,北海道浦河町,2018/3/19,2023/1/1,
01608,北海道様似町,2017/2/22,2023/4/5,
01609,北海道えりも町,2018/3/29,2023/1/1,
01610,北海道新ひだか町,2018/4/9,2024/8/22,
01631,北海道音更町,2017/2/22,2024/8/28,
01632,北海道士幌町,2017/2/22,2023/1/1,
01633,北海道上士幌町,2017/2/22,2023/10/13,
01634,北海道鹿追町,2017/2/22,2023/3/9,
01635,北海道新得町,2017/2/22,2023/1/1,
01636,北海道清水町,2017/2/22,2024/6/24,
01637,北海道芽室町,2017/2/22,2024/6/20,
01638,北海道中札内村,2017/2/22,2023/1/1,
01639,北海道更別村,2017/2/22,2023/1/1,
01641,北海道大樹町,2017/2/22,2023/1/1,
01642,北海道広尾町,2017/2/22,2023/3/14,
01643,北海道幕別町,2017/2/22,2024/7/9,
01644,北海道池田町,2017/2/22,2023/1/1,
01645,北海道豊頃町,2017/2/22,2023/1/1,
01646,北海道本別町,2017/2/22,2024/8/27,
01647,北海道足寄町,2022/3/4,2024/6/17,
01648,北海道陸別町,2018/4/16,2023/1/1,
01649,北海道浦幌町,2017/2/22,2024/6/4,
01661,北海道釧路町,2017/2/22,2024/5/22,
01662,北海道厚岸町,2018/3/26,2023/9/19,
01663,北海道浜中町,2017/5/29,2023/3/14,
01664,北海道標茶町,2017/6/19,2023/1/1,
01665,北海道弟子屈町,2017/2/24,2024/6/5,
01667,北海道鶴居村,2017/2/22,2023/1/1,
01668,北海道白糠町,2017/2/22,2024/6/5,
01691,北海道別海町,2017/7/21,2023/3/14,
01692,北海道中標津町,2017/3/21,2023/3/14,
01693,北海道標津町,2017/2/22,2024/6/5,
01694,北海道羅臼町,2018/10/22,2024/8/30,
01695,北海道色丹村,,,データ未登録
01696,北海道国後郡泊村,,,データ未登録
01697,北海道留夜別村,,,データ未登録
01698,北海道留別村,,,データ未登録
01699,北海道紗那村,,,データ未登録
01700,北海道蘂取村,,,データ未登録
02201,青森県青森市,2017/6/26,2024/1/24,
02202,青森県弘前市,2017/2/22,2024/6/11,
02203,青森県八戸市,2020/4/6,2024/3/26,
02204,青森県黒石市,2017/2/22,2024/7/24,
02205,青森県五所川原市,2017/7/3,2024/6/13,
02206,青森県十和田市,2017/2/22,2023/1/1,
02207,青森県三沢市,2017/2/22,2023/3/14,
02208,青森県むつ市,2017/12/18,2024/6/11,
02209,青森県つがる市,2019/6/24,2024/8/30,
02210,青森県平川市,2017/7/21,2024/9/5,
02301,青森県平内町,2019/2/27,2024/3/26,
02303,青森県今別町,2019/2/18,2023/1/1,
02304,青森県蓬田村,2017/3/24,2024/6/11,
02307,青森県外ヶ浜町,2019/11/25,2023/1/1,
02321,青森県鰺ヶ沢町,2017/2/22,2024/6/6,
02323,青森県深浦町,2017/2/22,2024/8/29,
02343,青森県西目屋村,,,データ未登録
02361,青森県藤崎町,,,データ未登録
02362,青森県大鰐町,2017/2/22,2023/1/1,
02367,青森県田舎館村,2019/11/25,2024/5/9,
02381,青森県板柳町,2018/1/22,2023/1/1,
02384,青森県鶴田町,2018/4/16,2023/1/1,
02387,青森県中泊町,2017/2/28,2023/1/1,
02401,青森県野辺地町,2020/5/29,2024/6/13,
02402,青森県七戸町,2017/2/22,2023/2/21,
02405,青森県六戸町,2017/2/22,2023/1/1,
02406,青森県横浜町,2017/6/26,2023/1/1,
02408,青森県東北町,2017/2/22,2024/5/14,
02411,青森県六ヶ所村,2017/3/28,2024/3/18,
02412,青森県おいらせ町,2018/11/7,2023/1/1,
02423,青森県大間町,2017/2/22,2023/1/1,
02424,青森県東通村,2019/1/21,2024/5/24,
02425,青森県風間浦村,2018/10/1,2023/1/1,
02426,青森県佐井村,2018/9/25,2023/1/1,
02441,青森県三戸町,2017/7/3,2023/1/1,
02442,青森県五戸町,2018/9/18,2023/12/21,
02443,青森県田子町,2018/4/9,2023/1/1,
02445,青森県南部町,2017/2/22,2024/6/13,
02446,青森県階上町,2019/2/27,2023/1/1,
02450,青森県新郷村,2018/12/17,2023/1/1,
03201,岩手県盛岡市,2017/2/22,2024/5/22,
03202,岩手県宮古市,2017/12/25,2023/1/1,
03203,岩手県大船渡市,2017/2/22,2024/7/16,
03205,岩手県花巻市,2017/2/22,2023/3/14,
03206,岩手県北上市,2017/2/22,2024/8/28,
03207,岩手県久慈市,2017/2/22,2023/5/9,
03208,岩手県遠野市,2017/2/22,2024/5/27,
03209,岩手県一関市,2017/6/19,2024/9/3,
03210,岩手県陸前高田市,2017/2/22,2024/7/9,
03211,岩手県釜石市,2017/2/22,2024/6/24,
03213,岩手県二戸市,2017/2/22,2024/7/16,
03214,岩手県八幡平市,2017/2/22,2024/5/28,
03215,岩手県奥州市,2017/7/21,2024/7/18,
03216,岩手県滝沢市,2017/7/3,2023/2/20,
03301,岩手県雫石町,2017/2/22,2024/5/21,
03302,岩手県葛巻町,2017/2/22,2024/5/22,
03303,岩手県岩手町,2017/2/22,2023/4/19,
03321,岩手県紫波町,2017/2/22,2023/3/10,
03322,岩手県矢巾町,2017/2/22,2023/6/27,
03366,岩手県西和賀町,2017/7/10,2024/1/11,
03381,岩手県金ケ崎町,2017/2/22,2024/5/29,
03402,岩手県平泉町,2018/8/22,2023/1/1,
03441,岩手県住田町,2017/2/22,2024/6/24,
03461,岩手県大槌町,2017/2/22,2023/1/1,
03482,岩手県山田町,2017/2/22,2024/3/27,
03483,岩手県岩泉町,2018/7/17,2024/7/11,
03484,岩手県田野畑村,2017/12/25,2023/4/12,
03485,岩手県普代村,2017/8/7,2023/1/1,
03501,岩手県軽米町,2017/2/22,2023/1/1,
03503,岩手県野田村,2017/2/22,2023/1/1,
03506,岩手県九戸村,2017/2/22,2023/1/1,
03507,岩手県洋野町,2017/7/3,2024/7/16,
03524,岩手県一戸町,2017/2/22,2024/9/3,
04100,宮城県仙台市,2022/2/28,2024/6/24,
04202,宮城県石巻市,2017/2/22,2024/5/29,
04203,宮城県塩竈市,2017/2/22,2024/6/14,
04205,宮城県気仙沼市,2023/7/3,2024/5/9,
04206,宮城県白石市,2018/9/10,2023/3/14,
04207,宮城県名取市,2017/2/28,2024/6/21,
04208,宮城県角田市,2017/7/10,2024/7/16,
04209,宮城県多賀城市,2018/9/3,2024/8/29,
04211,宮城県岩沼市,2017/2/22,2024/6/25,
04212,宮城県登米市,2018/9/3,2024/5/28,
04213,宮城県栗原市,2017/8/14,2024/6/20,
04214,宮城県東松島市,2021/11/1,2023/1/1,
04215,宮城県大崎市,2018/9/3,2023/3/9,
04216,宮城県富谷市,2018/9/10,2023/1/1,
04301,宮城県蔵王町,2018/9/10,2023/1/1,
04302,宮城県七ヶ宿町,,,データ未登録
04321,宮城県大河原町,2017/2/22,2023/3/8,
04322,宮城県村田町,2018/8/22,2023/1/1,
04323,宮城県柴田町,2018/9/10,2023/1/1,
04324,宮城県川崎町,2017/2/22,2023/1/1,
04341,宮城県丸森町,2017/7/10,2023/1/1,
04361,宮城県亘理町,2018/8/27,2024/7/9,
04362,宮城県山元町,2019/3/11,2023/1/1,
04401,宮城県松島町,2018/8/22,2023/3/10,
04404,宮城県七ヶ浜町,2018/9/18,2023/4/14,
04406,宮城県利府町,2021/4/12,2024/6/6,
04421,宮城県大和町,2018/9/10,2023/1/1,
04422,宮城県大郷町,2019/3/18,2023/3/14,
04424,宮城県大衡村,2017/2/22,2023/1/1,
04444,宮城県色麻町,2018/1/22,2023/1/1,
04445,宮城県加美町,2017/10/16,2023/1/1,
04501,宮城県涌谷町,2023/3/9,2023/3/10,
04505,宮城県美里町,2023/1/1,2024/7/16,
04581,宮城県女川町,,,データ未登録
04606,宮城県南三陸町,2018/8/27,2024/7/18,
05201,秋田県秋田市,2017/2/22,2024/8/30,
05202,秋田県能代市,2017/2/22,2024/6/17,
05203,秋田県横手市,2017/2/22,2024/7/17,
05204,秋田県大館市,2017/2/22,2024/7/9,
05206,秋田県男鹿市,2017/2/22,2024/3/22,
05207,秋田県湯沢市,2017/2/22,2024/6/21,
05209,秋田県鹿角市,2017/2/22,2023/2/28,
05210,秋田県由利本荘市,2017/2/22,2024/4/8,
05211,秋田県潟上市,2017/2/27,2024/6/25,
05212,秋田県大仙市,2017/2/22,2024/8/30,
05213,秋田県北秋田市,2022/2/28,2024/6/5,
05214,秋田県にかほ市,2017/2/22,2024/3/26,
05215,秋田県仙北市,2019/8/19,2024/5/16,
05303,秋田県小坂町,2017/8/28,2023/3/2,
05327,秋田県上小阿仁村,2017/3/3,2023/1/1,
05346,秋田県藤里町,2017/8/28,2023/7/3,
05348,秋田県三種町,2017/9/4,2024/6/4,
05349,秋田県八峰町,2017/10/2,2023/1/1,
05361,秋田県五城目町,2017/2/22,2023/1/1,
05363,秋田県八郎潟町,2017/10/2,2023/1/1,
05366,秋田県井川町,2017/2/22,2024/6/11,
05368,秋田県大潟村,2017/2/22,2024/6/6,
05434,秋田県美郷町,2017/2/22,2023/3/2,
05463,秋田県羽後町,2017/2/22,2023/6/27,
05464,秋田県東成瀬村,2017/2/22,2023/1/1,
06201,山形県山形市,2017/2/22,2024/3/15,
06202,山形県米沢市,2020/3/9,2023/4/14,
06203,山形県鶴岡市,2017/2/22,2024/2/7,
06204,山形県酒田市,2017/2/22,2024/6/24,
06205,山形県新庄市,2017/11/6,2023/3/10,
06206,山形県寒河江市,2017/2/22,2023/3/10,
06207,山形県上山市,2018/1/29,2023/3/6,
06208,山形県村山市,2017/2/22,2023/2/24,
06209,山形県長井市,2017/12/4,2023/3/3,
06210,山形県天童市,2017/11/6,2023/11/13,
06211,山形県東根市,2017/2/22,2023/3/9,
06212,山形県尾花沢市,2020/5/18,2024/6/4,
06213,山形県南陽市,2017/2/22,2024/6/6,
06301,山形県山辺町,2017/2/22,2024/5/31,
06302,山形県中山町,2017/11/21,2023/4/4,
06321,山形県河北町,2018/8/20,2023/3/10,
06322,山形県西川町,2017/2/22,2023/1/1,
06323,山形県朝日町,2018/8/22,2023/1/1,
06324,山形県大江町,2017/2/22,2023/1/1,
06341,山形県大石田町,2017/2/22,2023/1/1,
06361,山形県金山町,2018/12/3,2023/11/7,
06362,山形県最上町,2017/2/22,2024/7/11,
06363,山形県舟形町,2017/11/6,2023/1/1,
06364,山形県真室川町,2017/2/22,2024/7/10,
06365,山形県大蔵村,2018/2/5,2023/1/1,
06366,山形県鮭川村,2017/2/22,2023/1/1,
06367,山形県戸沢村,2017/2/22,2023/1/1,
06381,山形県高畠町,2017/7/31,2023/2/24,
06382,山形県川西町,2018/12/10,2023/10/20,
06401,山形県小国町,2017/2/22,2023/1/1,
06402,山形県白鷹町,2017/10/30,2023/1/1,
06403,山形県飯豊町,2017/2/22,2023/3/14,
06426,山形県三川町,2019/7/29,2023/1/1,
06428,山形県庄内町,2017/2/22,2024/5/22,
06461,山形県遊佐町,2017/2/22,2024/8/21,
07201,福島県福島市,2017/2/22,2023/2/20,
07202,福島県会津若松市,2017/2/22,2024/6/13,
07203,福島県郡山市,2017/2/22,2023/1/1,
07204,福島県いわき市,2017/2/22,2024/6/6,
07205,福島県白河市,2017/6/5,2023/6/14,
07207,福島県須賀川市,2017/2/22,2024/5/21,
07208,福島県喜多方市,2017/2/22,2023/3/14,
07209,福島県相馬市,2017/2/22,2024/5/28,
07210,福島県二本松市,2017/2/22,2023/4/3,
07211,福島県田村市,2017/2/22,2023/1/1,
07212,福島県南相馬市,2017/2/22,2023/6/8,
07213,福島県伊達市,2017/2/22,2024/9/3,
07214,福島県本宮市,2017/2/22,2024/6/5,
07301,福島県桑折町,2017/2/22,2023/1/1,
07303,福島県国見町,2017/2/22,2024/5/27,
07308,福島県川俣町,2017/2/22,2024/5/31,
07322,福島県大玉村,2017/2/22,2023/1/1,
07342,福島県鏡石町,2017/2/22,2023/1/1,
07344,福島県天栄村,2017/2/22,2023/1/1,
07362,福島県下郷町,2017/2/22,2023/1/1,
07364,福島県檜枝岐村,2017/2/22,2023/1/1,
07367,福島県只見町,2017/2/22,2023/1/1,
07368,福島県南会津町,2017/2/22,2023/1/1,
07402,福島県北塩原村,2017/2/22,2023/1/1,
07405,福島県西会津町,2017/2/28,2023/1/1,
07407,福島県磐梯町,2017/2/22,2023/1/1,
07408,福島県猪苗代町,2017/2/22,2023/4/4,
07421,福島県会津坂下町,2017/2/22,2023/1/1,
07422,福島県湯川村,2017/2/22,2023/1/1,
07423,福島県柳津町,2017/6/5,2023/1/1,
07444,福島県三島町,2017/2/22,2023/1/1,
07445,福島県金山町,2017/2/27,2023/1/1,
07446,福島県昭和村,2017/6/5,2023/6/28,
07447,福島県会津美里町,2017/2/22,2024/6/20,
07461,福島県西郷村,2017/2/22,2023/1/1,
07464,福島県泉崎村,2017/2/22,2024/5/24,
07465,福島県中島村,2017/6/5,2023/1/1,
07466,福島県矢吹町,2017/2/22,2023/1/1,
07481,福島県棚倉町,2017/2/22,2023/1/1,
07482,福島県矢祭町,2017/2/22,2023/1/1,
07483,福島県塙町,2017/2/22,2023/1/1,
07484,福島県鮫川村,2017/6/5,2024/7/17,
07501,福島県石川町,2017/2/22,2023/4/12,
07502,福島県玉川村,2017/2/22,2023/3/7,
07503,福島県平田村,2017/2/22,2023/1/1,
07504,福島県浅川町,2017/2/22,2023/3/10,
07505,福島県古殿町,2017/2/22,2023/1/1,
07521,福島県三春町,2017/2/27,2023/1/1,
07522,福島県小野町,2017/2/22,2023/1/1,
07541,福島県広野町,2017/2/22,2023/1/1,
07542,福島県楢葉町,2017/2/22,2023/5/18,
07543,福島県富岡町,2018/9/18,2023/1/1,
07544,福島県川内村,2017/2/22,2023/1/1,
07545,福島県大熊町,2022/2/14,2024/5/19,
07546,福島県双葉町,,,データ未登録
07547,福島県浪江町,,,データ未登録
07548,福島県葛尾村,2017/2/22,2023/1/1,
07561,福島県新地町,2017/2/22,2023/1/1,
07564,福島県飯舘村,,,データ未登録
08201,茨城県水戸市,2017/2/22,2024/2/13,
08202,茨城県日立市,2017/2/22,2023/3/14,
08203,茨城県土浦市,2017/2/22,2024/6/22,
08204,茨城県古河市,2017/2/22,2024/7/8,
08205,茨城県石岡市,2017/2/22,2024/6/22,
08207,茨城県結城市,2017/3/1,2023/3/10,
08208,茨城県龍ケ崎市,2017/2/22,2023/3/14,
08210,茨城県下妻市,2017/2/22,2023/1/1,
08211,茨城県常総市,2017/2/22,2024/6/21,
08212,茨城県常陸太田市,2017/2/22,2023/5/24,
08214,茨城県高萩市,2017/2/22,2024/5/29,
08215,茨城県北茨城市,2017/2/22,2023/2/17,
08216,茨城県笠間市,2017/2/22,2023/1/1,
08217,茨城県取手市,2017/2/22,2023/1/1,
08219,茨城県牛久市,2017/2/22,2023/2/22,
08220,茨城県つくば市,2017/2/22,2024/5/27,
08221,茨城県ひたちなか市,2024/2/9,2024/2/16,
08222,茨城県鹿嶋市,2017/2/22,2023/5/29,
08223,茨城県潮来市,2017/3/6,2023/1/1,
08224,茨城県守谷市,2017/2/22,2024/6/17,
08225,茨城県常陸大宮市,2017/2/22,2024/5/30,
08226,茨城県那珂市,2017/11/6,2023/3/9,
08227,茨城県筑西市,2017/2/22,2024/7/8,
08228,茨城県坂東市,2017/12/25,2024/7/8,
08229,茨城県稲敷市,2017/2/22,2024/7/23,
08230,茨城県かすみがうら市,2017/2/22,2023/7/7,
08231,茨城県桜川市,2017/2/22,2023/1/1,
08232,茨城県神栖市,2017/2/22,2023/4/24,
08233,茨城県行方市,2017/7/31,2023/1/1,
08234,茨城県鉾田市,2017/2/22,2023/4/26,
08235,茨城県つくばみらい市,2017/2/22,2024/7/16,
08236,茨城県小美玉市,2017/2/22,2024/5/22,
08302,茨城県茨城町,2017/2/22,2023/2/22,
08309,茨城県大洗町,2017/2/22,2023/1/1,
08310,茨城県城里町,2017/10/25,2023/1/1,
08341,茨城県東海村,2017/2/22,2024/5/29,
08364,茨城県大子町,2017/2/22,2023/3/14,
08442,茨城県美浦村,2022/3/25,2023/1/1,
08443,茨城県阿見町,2017/2/22,2023/5/9,
08447,茨城県河内町,2022/2/18,2023/1/1,
08521,茨城県八千代町,2017/5/29,2023/1/1,
08542,茨城県五霞町,2017/2/22,2023/1/1,
08546,茨城県境町,2017/2/22,2024/5/29,
08564,茨城県利根町,2017/2/22,2023/1/1,
09201,栃木県宇都宮市,2017/2/22,2023/1/1,
09202,栃木県足利市,2017/2/22,2024/6/4,
09203,栃木県栃木市,2018/1/29,2024/5/30,
09204,栃木県佐野市,2018/1/9,2024/6/11,
09205,栃木県鹿沼市,2020/2/17,2024/4/24,
09206,栃木県日光市,2017/2/22,2024/6/10,
09208,栃木県小山市,2017/2/22,2024/7/16,
09209,栃木県真岡市,2017/2/22,2023/1/1,
09210,栃木県大田原市,2019/1/15,2024/6/21,
09211,栃木県矢板市,2017/2/22,2023/1/1,
09213,栃木県那須塩原市,2024/1/22,2024/1/26,
09214,栃木県さくら市,2017/2/22,2023/3/3,
09215,栃木県那須烏山市,2017/2/22,2024/6/6,
09216,栃木県下野市,2022/2/28,2023/1/1,
09301,栃木県上三川町,2020/2/17,2023/5/22,
09342,栃木県益子町,2017/2/22,2023/1/1,
09343,栃木県茂木町,2017/2/22,2023/1/1,
09344,栃木県市貝町,2017/2/22,2024/7/17,
09345,栃木県芳賀町,2020/5/29,2023/4/28,
09361,栃木県壬生町,2017/2/22,2023/1/1,
09364,栃木県野木町,2018/1/9,2023/1/1,
09384,栃木県塩谷町,2017/2/22,2023/12/21,
09386,栃木県高根沢町,2020/2/17,2023/1/1,
09407,栃木県那須町,2017/2/22,2023/3/10,
09411,栃木県那珂川町,2017/2/22,2023/5/16,
10201,群馬県前橋市,2017/2/22,2023/12/7,
10202,群馬県高崎市,2017/2/22,2024/5/31,
10203,群馬県桐生市,2017/2/22,2024/3/28,
10204,群馬県伊勢崎市,2017/2/22,2024/6/24,
10205,群馬県太田市,2017/3/6,2023/11/17,
10206,群馬県沼田市,2017/2/22,2024/4/15,
10207,群馬県館林市,2017/2/22,2024/6/4,
10208,群馬県渋川市,2017/2/28,2023/1/1,
10209,群馬県藤岡市,2017/4/17,2023/3/10,
10210,群馬県富岡市,2017/2/22,2024/6/24,
10211,群馬県安中市,2018/4/16,2024/6/4,
10212,群馬県みどり市,2020/5/18,2023/6/14,
10344,群馬県榛東村,2017/3/7,2023/4/4,
10345,群馬県吉岡町,2017/2/22,2024/6/4,
10366,群馬県上野村,2022/3/18,2023/1/1,
10367,群馬県神流町,2017/2/22,2023/1/1,
10382,群馬県下仁田町,2017/9/27,2024/6/13,
10383,群馬県南牧村,2022/3/18,2023/1/1,
10384,群馬県甘楽町,2017/11/6,2023/4/27,
10421,群馬県中之条町,2017/2/22,2023/1/1,
10424,群馬県長野原町,2018/7/6,2024/5/30,
10425,群馬県嬬恋村,2018/1/9,2023/8/24,
10426,群馬県草津町,2022/2/14,2023/1/1,
10428,群馬県高山村,2017/9/4,2023/1/1,
10429,群馬県東吾妻町,2021/11/1,2023/1/1,
10443,群馬県片品村,2017/2/22,2023/8/2,
10444,群馬県川場村,2017/2/22,2024/5/29,
10448,群馬県昭和村,2018/1/22,2023/1/1,
10449,群馬県みなかみ町,2017/2/22,2023/1/1,
10464,群馬県玉村町,2017/3/13,2024/1/31,
10521,群馬県板倉町,2020/7/20,2024/5/23,
10522,群馬県明和町,2022/3/11,2023/1/1,
10523,群馬県千代田町,2017/2/22,2024/8/28,
10524,群馬県大泉町,2017/11/27,2023/4/18,
10525,群馬県邑楽町,2017/2/22,2023/1/1,
11100,埼玉県さいたま市,2017/2/22,2024/3/18,
11201,埼玉県川越市,2017/2/22,2024/6/5,
11202,埼玉県熊谷市,2017/2/22,2024/3/25,
11203,埼玉県川口市,2017/2/22,2024/4/17,
11206,埼玉県行田市,2017/2/22,2024/7/17,
11207,埼玉県秩父市,2019/3/29,2023/1/1,
11208,埼玉県所沢市,2017/2/22,2024/6/4,
11209,埼玉県飯能市,2020/8/3,2023/1/1,
11210,埼玉県加須市,2017/12/27,2023/2/24,
11211,埼玉県本庄市,2017/2/22,2024/6/5,
11212,埼玉県東松山市,2017/11/13,2024/5/8,
11214,埼玉県春日部市,2017/5/17,2023/1/1,
11215,埼玉県狭山市,2017/10/16,2023/7/13,
11216,埼玉県羽生市,2017/2/22,2024/5/22,
11217,埼玉県鴻巣市,2017/3/21,2023/3/10,
11218,埼玉県深谷市,2017/10/16,2024/4/10,
11219,埼玉県上尾市,2017/3/3,2023/4/4,
11221,埼玉県草加市,2018/1/9,2024/6/21,
11222,埼玉県越谷市,2017/3/22,2024/7/17,
11223,埼玉県蕨市,2017/2/22,2023/2/21,
11224,埼玉県戸田市,2017/2/22,2023/3/2,
11225,埼玉県入間市,2017/10/16,2024/6/4,
11227,埼玉県朝霞市,2017/9/27,2023/1/1,
11228,埼玉県志木市,2017/10/25,2024/5/31,
11229,埼玉県和光市,2017/2/22,2023/1/1,
11230,埼玉県新座市,2017/2/22,2024/7/23,
11231,埼玉県桶川市,2017/10/25,2024/5/29,
11232,埼玉県久喜市,2017/2/22,2023/4/25,
11233,埼玉県北本市,2017/2/22,2023/1/1,
11234,埼玉県八潮市,2017/2/22,2024/7/24,
11235,埼玉県富士見市,2019/1/7,2023/1/1,
11237,埼玉県三郷市,2019/2/4,2024/6/1,
11238,埼玉県蓮田市,2017/2/22,2023/7/11,
11239,埼玉県坂戸市,2018/2/13,2023/1/1,
11240,埼玉県幸手市,2017/2/22,2024/6/21,
11241,埼玉県鶴ヶ島市,2017/2/22,2023/1/1,
11242,埼玉県日高市,2017/10/16,2024/7/16,
11243,埼玉県吉川市,2017/3/13,2023/1/1,
11245,埼玉県ふじみ野市,2017/2/22,2024/7/4,
11246,埼玉県白岡市,2017/2/22,2024/6/5,
11301,埼玉県伊奈町,2017/2/22,2023/1/1,
11324,埼玉県三芳町,2017/2/22,2023/2/21,
11326,埼玉県毛呂山町,2019/1/15,2023/1/1,
11327,埼玉県越生町,2017/2/22,2023/1/1,
11341,埼玉県滑川町,2017/11/13,2023/1/1,
11342,埼玉県嵐山町,2017/5/29,2023/3/9,
11343,埼玉県小川町,2017/10/25,2023/10/11,
11346,埼玉県川島町,2017/2/22,2023/3/14,
11347,埼玉県吉見町,2017/10/16,2023/3/7,
11348,埼玉県鳩山町,2017/12/25,2024/6/22,
11349,埼玉県ときがわ町,2017/2/22,2023/1/1,
11361,埼玉県横瀬町,2017/4/17,2023/1/1,
11362,埼玉県皆野町,2018/2/13,2023/1/1,
11363,埼玉県長瀞町,2017/10/16,2023/1/1,
11365,埼玉県小鹿野町,2017/2/22,2024/7/9,
11369,埼玉県東秩父村,2019/4/8,2024/7/10,
11381,埼玉県美里町,2017/2/22,2023/9/26,
11383,埼玉県神川町,2018/12/25,2023/1/1,
11385,埼玉県上里町,2017/10/26,2024/6/21,
11408,埼玉県寄居町,2017/11/13,2023/1/1,
11442,埼玉県宮代町,2019/2/4,2023/1/1,
11464,埼玉県杉戸町,2017/2/22,2024/5/9,
11465,埼玉県松伏町,2017/2/22,2024/5/29,
12100,千葉県千葉市,2018/2/26,2024/3/1,
12202,千葉県銚子市,2022/3/4,2023/3/13,
12203,千葉県市川市,2017/3/6,2024/7/8,
12204,千葉県船橋市,2017/2/22,2024/3/18,
12205,千葉県館山市,2017/2/22,2024/6/28,
12206,千葉県木更津市,2021/5/24,2024/7/11,
12207,千葉県松戸市,2019/3/29,2023/1/1,
12208,千葉県野田市,2019/3/29,2024/9/5,
12210,千葉県茂原市,2017/5/8,2023/4/26,
12211,千葉県成田市,2017/2/22,2024/7/3,
12212,千葉県佐倉市,2017/2/22,2023/2/24,
12213,千葉県東金市,2018/3/26,2024/8/30,
12215,千葉県旭市,2017/3/3,2023/3/14,
12216,千葉県習志野市,2017/3/17,2023/3/14,
12217,千葉県柏市,2019/1/7,2023/4/6,
12218,千葉県勝浦市,2017/2/22,2023/3/3,
12219,千葉県市原市,2020/8/3,2023/4/24,
12220,千葉県流山市,2019/3/29,2024/8/30,
12221,千葉県八千代市,2017/2/22,2023/3/10,
12222,千葉県我孫子市,2017/2/22,2023/1/1,
12223,千葉県鴨川市,2019/1/7,2023/4/27,
12224,千葉県鎌ケ谷市,2018/2/13,2023/1/1,
12225,千葉県君津市,2017/12/4,2024/5/30,
12226,千葉県富津市,2017/2/22,2024/5/17,
12227,千葉県浦安市,2017/2/22,2023/3/14,
12228,千葉県四街道市,2017/2/22,2023/1/1,
12229,千葉県袖ケ浦市,2022/3/11,2024/6/28,
12230,千葉県八街市,2017/3/28,2023/1/1,
12231,千葉県印西市,2017/3/16,2023/1/1,
12232,千葉県白井市,2022/3/4,2023/5/1,
12233,千葉県富里市,2017/2/22,2023/4/13,
12234,千葉県南房総市,2019/4/22,2024/5/16,
12235,千葉県匝瑳市,2017/2/22,2024/6/27,
12236,千葉県香取市,2017/6/5,2023/1/1,
12237,千葉県山武市,2017/2/22,2023/11/13,
12238,千葉県いすみ市,2019/3/18,2024/6/6,
12239,千葉県大網白里市,2017/12/25,2024/8/29,
12322,千葉県酒々井町,2019/3/29,2023/1/1,
12329,千葉県栄町,2022/3/4,2023/1/1,
12342,千葉県神崎町,2022/3/4,2023/1/1,
12347,千葉県多古町,2017/2/22,2023/1/1,
12349,千葉県東庄町,2017/3/7,2024/5/30,
12403,千葉県九十九里町,2017/2/22,2023/10/12,
12409,千葉県芝山町,2017/2/22,2024/7/8,
12410,千葉県横芝光町,2017/3/13,2023/1/1,
12421,千葉県一宮町,2017/2/22,2023/3/10,
12422,千葉県睦沢町,2017/2/22,2024/5/29,
12423,千葉県長生村,2017/3/13,2023/1/1,
12424,千葉県白子町,2017/2/22,2024/3/19,
12426,千葉県長柄町,2017/2/22,2023/1/1,
12427,千葉県長南町,2022/3/11,2023/1/1,
12441,千葉県大多喜町,2017/3/17,2023/1/1,
12443,千葉県御宿町,2019/1/21,2023/1/1,
12463,千葉県鋸南町,2017/8/14,2023/2/21,
13101,東京都千代田区,2023/1/1,2024/5/24,
13102,東京都中央区,2017/2/22,2023/10/25,
13103,東京都港区,2022/3/4,2023/3/1,
13104,東京都新宿区,2022/2/28,2023/11/2,
13105,東京都文京区,2019/1/28,2023/10/27,
13106,東京都台東区,2023/3/1,2023/7/12,
13107,東京都墨田区,,,データ未登録
13108,東京都江東区,,,データ未登録
13109,東京都品川区,2023/3/7,2023/3/7,
13110,東京都目黒区,2017/2/22,2023/1/1,
13111,東京都大田区,,,データ未登録
13112,東京都世田谷区,2017/7/21,2023/1/1,
13113,東京都渋谷区,,,データ未登録
13114,東京都中野区,,,データ未登録
13115,東京都杉並区,2017/2/22,2023/10/24,
13116,東京都豊島区,2019/4/8,2024/6/26,
13117,東京都北区,2024/3/26,2024/5/30,
13118,東京都荒川区,2017/2/22,2024/5/23,
13119,東京都板橋区,2022/2/28,2023/3/8,
13120,東京都練馬区,2017/2/22,2024/7/9,
13121,東京都足立区,2022/2/28,2023/1/1,
13122,東京都葛飾区,2017/2/22,2024/7/1,
13123,東京都江戸川区,2020/1/14,2024/5/23,
13201,東京都八王子市,2017/2/22,2023/3/9,
13202,東京都立川市,2017/2/22,2023/3/2,
13203,東京都武蔵野市,,,データ未登録
13204,東京都三鷹市,2017/2/22,2023/11/2,
13205,東京都青梅市,2017/2/22,2023/10/24,
13206,東京都府中市,2017/7/10,2023/11/2,
13207,東京都昭島市,2024/6/28,2024/6/28,
13208,東京都調布市,2017/12/4,2023/10/24,
13209,東京都町田市,2017/2/22,2023/3/2,
13210,東京都小金井市,2022/2/28,2023/1/1,
13211,東京都小平市,2017/2/22,2023/1/1,
13212,東京都日野市,2017/2/22,2023/11/13,
13213,東京都東村山市,2019/2/12,2024/7/9,
13214,東京都国分寺市,2022/3/25,2024/5/24,
13215,東京都国立市,2018/12/17,2023/11/2,
13218,東京都福生市,2019/3/29,2023/1/1,
13219,東京都狛江市,2017/2/22,2023/1/1,
13220,東京都東大和市,2019/1/15,2024/4/9,
13221,東京都清瀬市,2018/10/29,2023/1/1,
13222,東京都東久留米市,2017/2/22,2023/3/2,
13223,東京都武蔵村山市,2022/3/25,2023/1/1,
13224,東京都多摩市,2018/3/29,2023/1/1,
13225,東京都稲城市,2017/2/22,2024/7/17,
13227,東京都羽村市,2017/3/7,2023/10/13,
13228,東京都あきる野市,2017/12/4,2023/1/1,
13229,東京都西東京市,2021/11/1,2023/1/1,
13303,東京都瑞穂町,2022/3/18,2023/1/1,
13305,東京都日の出町,2022/3/25,2023/1/1,
13307,東京都檜原村,2022/3/25,2023/1/1,
13308,東京都奥多摩町,,,データ未登録
13361,東京都大島町,2017/10/16,2023/4/20,
13362,東京都利島村,,,データ未登録
13363,東京都新島村,2022/3/11,2023/1/1,
13364,東京都神津島村,2022/2/28,2023/1/1,
13381,東京都三宅村,2019/3/18,2023/4/4,
13382,東京都御蔵島村,2022/3/11,2023/1/1,
13401,東京都八丈町,2022/3/11,2023/1/1,
13402,東京都青ヶ島村,,,データ未登録
13421,東京都小笠原村,2017/2/22,2024/7/1,
14100,神奈川県横浜市,2017/2/22,2024/5/27,
14130,神奈川県川崎市,2017/2/22,2024/5/9,
14150,神奈川県相模原市,2021/3/11,2024/6/20,
14201,神奈川県横須賀市,2017/2/22,2023/2/22,
14203,神奈川県平塚市,2019/3/29,2024/1/15,
14204,神奈川県鎌倉市,,,データ未登録
14205,神奈川県藤沢市,2022/2/7,2024/6/27,
14206,神奈川県小田原市,2020/6/22,2023/1/1,
14207,神奈川県茅ヶ崎市,2018/9/18,2024/7/9,
14208,神奈川県逗子市,2021/10/18,2023/4/11,
14210,神奈川県三浦市,2022/2/7,2023/1/1,
14211,神奈川県秦野市,2017/2/22,2024/6/25,
14212,神奈川県厚木市,2018/3/29,2023/4/11,
14213,神奈川県大和市,2017/2/22,2023/3/14,
14214,神奈川県伊勢原市,,,データ未登録
14215,神奈川県海老名市,2017/2/22,2023/1/1,
14216,神奈川県座間市,2018/3/29,2024/6/20,
14217,神奈川県南足柄市,2024/5/24,2024/5/24,
14218,神奈川県綾瀬市,2022/2/18,2023/1/1,
14301,神奈川県葉山町,2018/10/1,2023/1/1,
14321,神奈川県寒川町,,,データ未登録
14341,神奈川県大磯町,2018/11/7,2023/1/1,
14342,神奈川県二宮町,2017/7/10,2024/6/25,
14361,神奈川県中井町,2017/2/22,2024/6/20,
14362,神奈川県大井町,,,データ未登録
14363,神奈川県松田町,,,データ未登録
14364,神奈川県山北町,,,データ未登録
14366,神奈川県開成町,2024/5/22,2024/5/22,
14382,神奈川県箱根町,,,データ未登録
14383,神奈川県真鶴町,2022/1/28,2023/1/1,
14384,神奈川県湯河原町,2018/3/19,2023/4/4,
14401,神奈川県愛川町,2022/2/14,2023/1/1,
14402,神奈川県清川村,2022/2/7,2023/1/1,
15100,新潟県新潟市,2018/5/16,2024/8/30,
15202,新潟県長岡市,2021/1/25,2023/11/15,
15204,新潟県三条市,2017/2/22,2023/1/1,
15205,新潟県柏崎市,2017/2/22,2023/4/5,
15206,新潟県新発田市,2017/2/22,2023/4/24,
15208,新潟県小千谷市,2017/2/22,2023/1/1,
15209,新潟県加茂市,2022/2/25,2024/7/18,
15210,新潟県十日町市,2020/4/6,2023/3/6,
15211,新潟県見附市,2018/12/3,2023/1/1,
15212,新潟県村上市,2018/12/3,2023/1/1,
15213,新潟県燕市,2017/2/22,2024/4/8,
15216,新潟県糸魚川市,2017/5/29,2023/10/25,
15217,新潟県妙高市,2020/3/16,2023/3/2,
15218,新潟県五泉市,2017/12/25,2024/9/2,
15222,新潟県上越市,2017/2/22,2023/1/1,
15223,新潟県阿賀野市,2020/4/6,2023/4/12,
15224,新潟県佐渡市,2018/3/12,2023/12/8,
15225,新潟県魚沼市,2022/2/25,2023/4/26,
15226,新潟県南魚沼市,2017/2/22,2024/5/6,
15227,新潟県胎内市,2017/12/25,2023/4/14,
15307,新潟県聖籠町,2017/2/22,2024/9/2,
15342,新潟県弥彦村,2017/5/29,2023/8/24,
15361,新潟県田上町,2017/2/22,2023/1/1,
15385,新潟県阿賀町,,,データ未登録
15405,新潟県出雲崎町,2017/2/22,2023/1/1,
15461,新潟県湯沢町,2020/3/2,2024/7/16,
15482,新潟県津南町,,,データ未登録
15504,新潟県刈羽村,,,データ未登録
15581,新潟県関川村,2019/3/29,2023/1/1,
15586,新潟県粟島浦村,2018/12/3,2023/1/1,
16201,富山県富山市,2018/1/9,2024/8/29,
16202,富山県高岡市,2017/2/28,2024/7/1,
16204,富山県魚津市,2017/2/22,2024/7/8,
16205,富山県氷見市,2017/12/27,2023/7/21,
16206,富山県滑川市,2017/2/22,2023/1/1,
16207,富山県黒部市,2017/2/22,2023/11/15,
16208,富山県砺波市,2018/1/9,2023/11/10,
16209,富山県小矢部市,2017/2/22,2023/3/1,
16210,富山県南砺市,2017/2/22,2024/6/12,
16211,富山県射水市,2017/2/22,2023/5/16,
16321,富山県舟橋村,,,データ未登録
16322,富山県上市町,2017/2/22,2023/3/10,
16323,富山県立山町,2017/2/22,2023/9/29,
16342,富山県入善町,2017/2/22,2023/1/1,
16343,富山県朝日町,2017/2/22,2024/5/17,
17201,石川県金沢市,2017/2/22,2023/1/1,
17202,石川県七尾市,2017/2/22,2023/4/5,
17203,石川県小松市,2017/7/3,2023/9/28,
17204,石川県輪島市,2017/3/7,2023/4/17,
17205,石川県珠洲市,2017/3/13,2023/3/10,
17206,石川県加賀市,2017/3/2,2023/4/11,
17207,石川県羽咋市,2017/10/25,2023/1/1,
17209,石川県かほく市,2017/2/22,2023/3/10,
17210,石川県白山市,2017/2/27,2023/9/15,
17211,石川県能美市,2017/3/24,2023/3/14,
17212,石川県野々市市,2017/2/22,2023/1/1,
17324,石川県川北町,2017/5/17,2023/1/1,
17361,石川県津幡町,2017/2/22,2023/1/1,
17365,石川県内灘町,2017/6/12,2023/1/1,
17384,石川県志賀町,2017/5/17,2023/1/1,
17386,石川県宝達志水町,2017/5/8,2023/1/1,
17407,石川県中能登町,2017/2/22,2023/1/1,
17461,石川県穴水町,2018/11/7,2024/2/8,
17463,石川県能登町,2017/3/3,2024/2/5,
18201,福井県福井市,2017/2/22,2023/5/23,
18202,福井県敦賀市,2017/2/22,2023/4/11,
18204,福井県小浜市,2017/2/22,2023/12/25,
18205,福井県大野市,2017/2/22,2023/1/1,
18206,福井県勝山市,2017/2/22,2023/1/1,
18207,福井県鯖江市,2017/2/22,2023/1/1,
18208,福井県あわら市,2017/2/22,2023/1/1,
18209,福井県越前市,2017/2/22,2023/3/10,
18210,福井県坂井市,2017/2/22,2023/1/1,
18322,福井県永平寺町,2017/2/22,2023/1/1,
18382,福井県池田町,2017/2/22,2023/3/14,
18404,福井県南越前町,2017/2/22,2023/1/1,
18423,福井県越前町,2017/2/22,2023/3/14,
18442,福井県美浜町,2017/2/22,2023/1/1,
18481,福井県高浜町,2017/2/22,2023/1/1,
18483,福井県おおい町,2017/2/22,2023/1/1,
18501,福井県若狭町,2017/2/22,2023/1/1,
19201,山梨県甲府市,2017/10/25,2024/6/11,
19202,山梨県富士吉田市,2020/6/29,2023/10/20,
19204,山梨県都留市,2022/2/28,2023/1/1,
19205,山梨県山梨市,2021/5/24,2023/1/1,
19206,山梨県大月市,2017/2/22,2023/3/10,
19207,山梨県韮崎市,2017/2/22,2023/3/14,
19208,山梨県南アルプス市,2017/2/22,2024/5/16,
19209,山梨県北杜市,,,データ未登録
19210,山梨県甲斐市,2020/5/29,2023/3/8,
19211,山梨県笛吹市,2017/10/2,2023/3/9,
19212,山梨県上野原市,2017/2/22,2024/7/16,
19213,山梨県甲州市,,,データ未登録
19214,山梨県中央市,,,データ未登録
19346,山梨県市川三郷町,2022/3/4,2023/11/2,
19364,山梨県早川町,,,データ未登録
19365,山梨県身延町,2022/2/28,2024/7/17,
19366,山梨県南部町,2022/2/18,2023/3/6,
19368,山梨県富士川町,2024/6/13,2024/9/6,
19384,山梨県昭和町,2022/2/18,2023/1/1,
19422,山梨県道志村,2019/5/20,2023/1/1,
19423,山梨県西桂町,,,データ未登録
19424,山梨県忍野村,2017/2/22,2023/3/30,
19425,山梨県山中湖村,,,データ未登録
19429,山梨県鳴沢村,2022/2/18,2023/3/10,
19430,山梨県富士河口湖町,,,データ未登録
19442,山梨県小菅村,,,データ未登録
19443,山梨県丹波山村,,,データ未登録
20201,長野県長野市,2020/8/31,2024/4/24,
20202,長野県松本市,2017/7/18,2024/3/15,
20203,長野県上田市,2020/7/20,2024/6/5,
20204,長野県岡谷市,2020/8/11,2023/1/1,
20205,長野県飯田市,2017/7/18,2023/11/24,
20206,長野県諏訪市,2017/6/19,2023/3/14,
20207,長野県須坂市,2017/7/10,2024/3/25,
20208,長野県小諸市,2017/9/27,2023/11/2,
20209,長野県伊那市,2017/5/17,2023/11/2,
20210,長野県駒ヶ根市,2017/7/10,2024/6/5,
20211,長野県中野市,2017/6/5,2024/7/8,
20212,長野県大町市,2017/7/10,2023/1/1,
20213,長野県飯山市,2017/7/18,2024/5/7,
20214,長野県茅野市,2017/5/17,2023/1/1,
20215,長野県塩尻市,2017/6/12,2023/12/8,
20217,長野県佐久市,2020/7/20,2023/4/27,
20218,長野県千曲市,2017/8/14,2024/3/18,
20219,長野県東御市,2017/6/12,2024/5/16,
20220,長野県安曇野市,2017/6/19,2024/5/28,
20303,長野県小海町,2022/2/28,2023/11/10,
20304,長野県川上村,2017/6/19,2023/11/13,
20305,長野県南牧村,,,データ未登録
20306,長野県南相木村,2023/11/20,2024/2/9,
20307,長野県北相木村,2023/10/12,2023/10/12,
20309,長野県佐久穂町,2020/6/22,2023/4/18,
20321,長野県軽井沢町,2017/7/10,2023/3/8,
20323,長野県御代田町,2017/5/17,2023/4/27,
20324,長野県立科町,2017/7/10,2023/1/1,
20349,長野県青木村,2023/1/1,2023/1/1,
20350,長野県長和町,,,データ未登録
20361,長野県下諏訪町,2020/8/31,2023/1/1,
20362,長野県富士見町,2020/8/11,2024/7/9,
20363,長野県原村,2017/5/17,2023/3/10,
20382,長野県辰野町,2017/7/10,2023/10/27,
20383,長野県箕輪町,,,データ未登録
20384,長野県飯島町,2017/6/12,2023/1/1,
20385,長野県南箕輪村,2020/8/31,2023/1/1,
20386,長野県中川村,2017/5/17,2023/1/1,
20388,長野県宮田村,2017/7/10,2023/1/1,
20402,長野県松川町,2017/5/17,2023/1/1,
20403,長野県高森町,2023/4/13,2023/4/13,
20404,長野県阿南町,2017/6/19,2024/7/8,
20407,長野県阿智村,2022/3/25,2023/1/1,
20409,長野県平谷村,,,データ未登録
20410,長野県根羽村,,,データ未登録
20411,長野県下條村,2017/9/27,2023/1/1,
20412,長野県売木村,,,データ未登録
20413,長野県天龍村,2017/7/18,2023/1/1,
20414,長野県泰阜村,2017/6/5,2023/3/14,
20415,長野県喬木村,2017/6/12,2023/10/27,
20416,長野県豊丘村,2017/6/12,2023/3/14,
20417,長野県大鹿村,,,データ未登録
20422,長野県上松町,2020/8/3,2023/1/1,
20423,長野県南木曽町,2022/3/4,2023/1/1,
20425,長野県木祖村,2017/6/12,2024/7/9,
20429,長野県王滝村,,,データ未登録
20430,長野県大桑村,2020/8/11,2023/1/1,
20432,長野県木曽町,2020/8/3,2023/4/4,
20446,長野県麻績村,2020/8/3,2023/3/14,
20448,長野県生坂村,2017/7/18,2023/1/1,
20450,長野県山形村,2020/8/3,2024/7/8,
20451,長野県朝日村,2017/8/28,2023/11/2,
20452,長野県筑北村,2020/7/27,2024/7/8,
20481,長野県池田町,2020/7/20,2023/10/13,
20482,長野県松川村,2017/7/18,2023/1/1,
20485,長野県白馬村,2017/9/27,2023/1/1,
20486,長野県小谷村,2017/6/5,2023/1/1,
20521,長野県坂城町,2020/12/3,2023/1/1,
20541,長野県小布施町,2020/8/24,2023/10/25,
20543,長野県高山村,2017/7/10,2023/1/1,
20561,長野県山ノ内町,2017/6/19,2023/4/11,
20562,長野県木島平村,2017/9/27,2023/10/13,
20563,長野県野沢温泉村,2017/7/18,2023/1/1,
20583,長野県信濃町,2017/6/19,2023/1/1,
20588,長野県小川村,2017/6/19,2023/1/1,
20590,長野県飯綱町,2017/6/12,2024/5/29,
20602,長野県栄村,2017/8/14,2023/7/12,
21201,岐阜県岐阜市,2017/2/22,2023/5/9,
21202,岐阜県大垣市,2017/2/22,2023/1/1,
21203,岐阜県高山市,2017/2/22,2024/6/26,
21204,岐阜県多治見市,2017/2/22,2023/1/1,
21205,岐阜県関市,2017/2/22,2024/6/27,
21206,岐阜県中津川市,2017/2/22,2024/3/15,
21207,岐阜県美濃市,2017/2/22,2024/4/20,
21208,岐阜県瑞浪市,2017/2/22,2024/5/23,
21209,岐阜県羽島市,2017/2/22,2023/6/8,
21210,岐阜県恵那市,2017/2/22,2024/7/11,
21211,岐阜県美濃加茂市,2017/2/22,2024/5/23,
21212,岐阜県土岐市,2017/2/22,2024/5/23,
21213,岐阜県各務原市,2017/2/22,2023/3/14,
21214,岐阜県可児市,2017/2/22,2023/2/24,
21215,岐阜県山県市,2017/2/22,2024/7/10,
21216,岐阜県瑞穂市,2017/2/22,2023/3/10,
21217,岐阜県飛騨市,2018/10/22,2023/10/24,
21218,岐阜県本巣市,2017/2/22,2024/5/21,
21219,岐阜県郡上市,2017/2/22,2023/1/1,
21220,岐阜県下呂市,2017/2/22,2023/10/13,
21221,岐阜県海津市,2017/2/22,2024/4/17,
21302,岐阜県岐南町,2017/2/22,2023/10/27,
21303,岐阜県笠松町,2017/2/22,2024/7/23,
21341,岐阜県養老町,2017/2/22,2023/5/1,
21361,岐阜県垂井町,2017/2/22,2024/5/14,
21362,岐阜県関ケ原町,2017/2/22,2023/3/10,
21381,岐阜県神戸町,2019/2/18,2023/1/1,
21382,岐阜県輪之内町,2017/2/22,2024/3/19,
21383,岐阜県安八町,2017/2/22,2023/1/1,
21401,岐阜県揖斐川町,2017/2/22,2024/9/2,
21403,岐阜県大野町,2017/2/22,2023/1/1,
21404,岐阜県池田町,2017/2/22,2024/7/4,
21421,岐阜県北方町,2017/2/22,2024/7/4,
21501,岐阜県坂祝町,2017/2/22,2023/1/1,
21502,岐阜県富加町,2017/2/22,2023/1/1,
21503,岐阜県川辺町,2017/2/22,2023/1/1,
21504,岐阜県七宗町,2017/2/22,2023/4/13,
21505,岐阜県八百津町,2017/2/22,2024/7/8,
21506,岐阜県白川町,2017/7/3,2023/1/1,
21507,岐阜県東白川村,2017/2/22,2023/3/10,
21521,岐阜県御嵩町,2017/2/22,2023/1/1,
21604,岐阜県白川村,2022/2/25,2023/1/1,
22100,静岡県静岡市,2019/3/11,2024/6/13,
22130,静岡県浜松市,2017/2/22,2024/9/4,
22203,静岡県沼津市,2017/2/22,2024/5/30,
22205,静岡県熱海市,2017/5/17,2023/1/1,
22206,静岡県三島市,2017/2/22,2024/7/17,
22207,静岡県富士宮市,2017/2/22,2024/5/24,
22208,静岡県伊東市,2017/2/22,2024/6/21,
22209,静岡県島田市,2017/2/22,2023/10/11,
22210,静岡県富士市,2017/2/22,2024/5/14,
22211,静岡県磐田市,2017/3/3,2024/4/17,
22212,静岡県焼津市,2019/2/27,2024/4/18,
22213,静岡県掛川市,2017/2/22,2024/1/31,
22214,静岡県藤枝市,2017/5/8,2023/2/22,
22215,静岡県御殿場市,2017/2/22,2023/10/11,
22216,静岡県袋井市,2019/2/18,2024/5/30,
22219,静岡県下田市,2017/9/27,2024/7/16,
22220,静岡県裾野市,2017/2/22,2023/1/1,
22221,静岡県湖西市,2018/10/15,2024/3/12,
22222,静岡県伊豆市,2018/10/15,2023/4/25,
22223,静岡県御前崎市,2019/2/27,2024/5/10,
22224,静岡県菊川市,2017/2/22,2023/10/12,
22225,静岡県伊豆の国市,2017/7/3,2024/7/4,
22226,静岡県牧之原市,2017/2/22,2024/3/28,
22301,静岡県東伊豆町,2018/10/15,2023/1/1,
22302,静岡県河津町,2018/12/25,2023/5/12,
22304,静岡県南伊豆町,2017/4/17,2023/4/4,
22305,静岡県松崎町,2019/9/2,2023/1/1,
22306,静岡県西伊豆町,2022/2/14,2023/1/1,
22325,静岡県函南町,2017/2/22,2023/4/5,
22341,静岡県清水町,2017/2/22,2023/9/29,
22342,静岡県長泉町,2017/2/22,2023/3/6,
22344,静岡県小山町,2017/2/22,2023/1/1,
22424,静岡県吉田町,2019/1/7,2023/1/1,
22429,静岡県川根本町,2017/2/22,2023/1/1,
22461,静岡県森町,2019/2/27,2024/6/21,
23100,愛知県名古屋市,2018/3/26,2024/8/22,
23201,愛知県豊橋市,2017/2/22,2024/5/9,
23202,愛知県岡崎市,2017/2/22,2023/1/1,
23203,愛知県一宮市,2017/2/22,2023/3/6,
23204,愛知県瀬戸市,2017/2/22,2023/1/1,
23205,愛知県半田市,2018/10/15,2023/4/28,
23206,愛知県春日井市,2017/2/22,2023/4/12,
23207,愛知県豊川市,2020/5/29,2024/5/30,
23208,愛知県津島市,2018/10/15,2024/6/5,
23209,愛知県碧南市,2021/10/11,2024/3/1,
23210,愛知県刈谷市,2018/3/5,2023/12/11,
23211,愛知県豊田市,2018/10/9,2024/8/27,
23212,愛知県安城市,2017/2/22,2024/5/6,
23213,愛知県西尾市,2018/11/7,2024/3/25,
23214,愛知県蒲郡市,2019/1/28,2024/6/27,
23215,愛知県犬山市,2018/9/25,2023/1/1,
23216,愛知県常滑市,2017/2/22,2024/6/26,
23217,愛知県江南市,2018/10/9,2023/1/1,
23219,愛知県小牧市,2017/2/22,2024/5/23,
23220,愛知県稲沢市,2017/2/22,2024/7/1,
23221,愛知県新城市,2018/9/25,2024/5/2,
23222,愛知県東海市,2017/2/22,2024/3/7,
23223,愛知県大府市,2017/2/22,2023/1/1,
23224,愛知県知多市,2018/10/22,2024/5/30,
23225,愛知県知立市,2018/10/1,2024/6/27,
23226,愛知県尾張旭市,2017/2/22,2023/12/15,
23227,愛知県高浜市,2017/11/21,2024/5/9,
23228,愛知県岩倉市,2018/10/15,2024/7/10,
23229,愛知県豊明市,2017/2/22,2024/6/27,
23230,愛知県日進市,2017/2/22,2023/1/1,
23231,愛知県田原市,2017/2/22,2023/1/1,
23232,愛知県愛西市,2018/10/22,2023/1/1,
23233,愛知県清須市,2017/2/22,2023/1/1,
23234,愛知県北名古屋市,2021/3/29,2023/1/1,
23235,愛知県弥富市,2020/7/6,2024/6/5,
23236,愛知県みよし市,2017/3/1,2023/1/1,
23237,愛知県あま市,2021/3/22,2023/1/1,
23238,愛知県長久手市,2018/10/22,2023/10/20,
23302,愛知県東郷町,2017/2/22,2023/3/8,
23342,愛知県豊山町,2017/2/22,2023/1/1,
23361,愛知県大口町,2022/2/25,2023/3/3,
23362,愛知県扶桑町,2017/2/22,2023/1/1,
23424,愛知県大治町,2017/11/27,2024/6/25,
23425,愛知県蟹江町,2017/2/22,2023/1/1,
23427,愛知県飛島村,2020/5/18,2023/1/1,
23441,愛知県阿久比町,2018/10/15,2023/3/3,
23442,愛知県東浦町,2017/2/22,2023/4/12,
23445,愛知県南知多町,2022/2/28,2024/5/9,
23446,愛知県美浜町,2017/2/22,2023/11/15,
23447,愛知県武豊町,2020/8/3,2023/3/14,
23501,愛知県幸田町,2017/2/24,2024/6/5,
23561,愛知県設楽町,2022/3/4,2024/4/22,
23562,愛知県東栄町,2017/2/22,2023/1/1,
23563,愛知県豊根村,2018/10/22,2023/1/1,
24201,三重県津市,2017/8/7,2024/9/6,
24202,三重県四日市市,2017/3/14,2023/5/1,
24203,三重県伊勢市,2017/2/22,2024/6/4,
24204,三重県松阪市,2017/2/22,2024/2/7,
24205,三重県桑名市,2017/2/22,2023/7/3,
24207,三重県鈴鹿市,2017/2/22,2023/5/1,
24208,三重県名張市,2019/9/17,2024/6/27,
24209,三重県尾鷲市,2017/8/7,2024/5/29,
24210,三重県亀山市,2017/2/22,2024/3/19,
24211,三重県鳥羽市,2017/2/22,2024/3/15,
24212,三重県熊野市,2017/2/22,2024/6/27,
24214,三重県いなべ市,2022/2/25,2024/3/7,
24215,三重県志摩市,2017/2/22,2024/9/4,
24216,三重県伊賀市,2017/2/22,2024/3/5,
24303,三重県木曽岬町,2017/2/22,2024/3/21,
24324,三重県東員町,2017/2/22,2023/1/1,
24341,三重県菰野町,2017/2/22,2023/1/1,
24343,三重県朝日町,2017/2/22,2023/10/11,
24344,三重県川越町,2017/2/22,2023/4/5,
24441,三重県多気町,2017/2/22,2023/4/11,
24442,三重県明和町,2017/2/22,2023/3/14,
24443,三重県大台町,2017/2/22,2024/5/28,
24461,三重県玉城町,2017/2/22,2023/1/1,
24470,三重県度会町,2017/2/22,2023/2/22,
24471,三重県大紀町,2017/2/22,2024/8/28,
24472,三重県南伊勢町,2017/2/22,2024/2/26,
24543,三重県紀北町,2017/2/22,2023/1/1,
24561,三重県御浜町,2017/7/10,2023/4/4,
24562,三重県紀宝町,2017/6/19,2023/3/10,
25201,滋賀県大津市,2017/3/13,2023/3/9,
25202,滋賀県彦根市,2017/9/19,2024/3/7,
25203,滋賀県長浜市,2020/11/16,2023/1/1,
25204,滋賀県近江八幡市,,,データ未登録
25206,滋賀県草津市,2017/12/25,2023/1/1,
25207,滋賀県守山市,2018/11/7,2023/1/1,
25208,滋賀県栗東市,2022/2/25,2023/3/6,
25209,滋賀県甲賀市,2017/2/24,2023/1/1,
25210,滋賀県野洲市,2018/11/7,2023/3/3,
25211,滋賀県湖南市,2019/1/15,2023/2/24,
25212,滋賀県高島市,2022/3/4,2023/3/9,
25213,滋賀県東近江市,2022/3/4,2023/1/1,
25214,滋賀県米原市,2017/3/7,2023/1/1,
25383,滋賀県日野町,2017/12/11,2023/1/1,
25384,滋賀県竜王町,2022/2/25,2023/1/1,
25425,滋賀県愛荘町,2019/2/27,2023/1/1,
25441,滋賀県豊郷町,2022/2/28,2023/1/1,
25442,滋賀県甲良町,2017/2/22,2024/6/24,
25443,滋賀県多賀町,2022/2/28,2023/1/1,
26100,京都府京都市,2017/2/22,2023/11/13,
26201,京都府福知山市,2017/2/22,2024/8/29,
26202,京都府舞鶴市,2017/2/22,2023/3/3,
26203,京都府綾部市,2017/2/22,2023/1/1,
26204,京都府宇治市,2017/2/22,2024/7/22,
26205,京都府宮津市,2022/2/18,2023/1/1,
26206,京都府亀岡市,2017/2/22,2023/1/1,
26207,京都府城陽市,2017/2/22,2024/7/17,
26208,京都府向日市,2017/2/22,2024/9/3,
26209,京都府長岡京市,2017/2/22,2023/1/1,
26210,京都府八幡市,2017/2/22,2023/1/1,
26211,京都府京田辺市,2017/2/22,2024/4/29,
26212,京都府京丹後市,2017/2/22,2024/7/22,
26213,京都府南丹市,2017/2/22,2023/1/1,
26214,京都府木津川市,2017/2/22,2023/1/1,
26303,京都府大山崎町,2022/2/28,2023/1/1,
26322,京都府久御山町,2017/2/22,2023/1/1,
26343,京都府井手町,2018/8/13,2023/1/1,
26344,京都府宇治田原町,2017/2/22,2024/6/27,
26364,京都府笠置町,2017/2/22,2024/7/8,
26365,京都府和束町,2017/2/22,2023/1/1,
26366,京都府精華町,2017/2/22,2023/1/1,
26367,京都府南山城村,2017/2/22,2023/1/1,
26407,京都府京丹波町,2017/2/22,2023/1/1,
26463,京都府伊根町,2017/2/22,2023/1/1,
26465,京都府与謝野町,2022/2/18,2023/5/9,
27100,大阪府大阪市,2017/10/2,2024/1/31,
27140,大阪府堺市,2017/3/16,2023/1/1,
27202,大阪府岸和田市,2017/2/22,2023/6/8,
27203,大阪府豊中市,2017/2/22,2024/5/6,
27204,大阪府池田市,2017/2/22,2024/6/5,
27205,大阪府吹田市,2018/8/6,2023/1/1,
27206,大阪府泉大津市,2017/2/22,2023/4/19,
27207,大阪府高槻市,2017/2/22,2024/5/21,
27208,大阪府貝塚市,2017/2/22,2024/6/11,
27209,大阪府守口市,2017/2/22,2024/6/13,
27210,大阪府枚方市,2017/2/22,2023/1/1,
27211,大阪府茨木市,2017/2/22,2023/4/14,
27212,大阪府八尾市,2017/2/22,2023/8/3,
27213,大阪府泉佐野市,2017/2/22,2024/5/24,
27214,大阪府富田林市,2017/2/22,2024/6/11,
27215,大阪府寝屋川市,2018/9/25,2023/1/1,
27216,大阪府河内長野市,2017/2/22,2024/8/29,
27217,大阪府松原市,2017/2/22,2023/1/1,
27218,大阪府大東市,2017/2/22,2023/1/1,
27219,大阪府和泉市,2017/2/22,2023/3/6,
27220,大阪府箕面市,2017/2/22,2023/8/2,
27221,大阪府柏原市,2017/2/22,2024/7/3,
27222,大阪府羽曳野市,2017/2/22,2023/1/1,
27223,大阪府門真市,2017/2/22,2024/4/22,
27224,大阪府摂津市,2017/2/22,2023/1/1,
27225,大阪府高石市,2017/2/22,2023/3/7,
27226,大阪府藤井寺市,2017/2/22,2023/3/10,
27227,大阪府東大阪市,2017/2/22,2023/1/1,
27228,大阪府泉南市,2017/2/22,2023/3/2,
27229,大阪府四條畷市,2017/2/22,2024/7/16,
27230,大阪府交野市,2017/2/22,2024/6/5,
27231,大阪府大阪狭山市,2017/2/22,2024/5/20,
27232,大阪府阪南市,2017/2/22,2023/1/1,
27301,大阪府島本町,2017/2/22,2023/3/14,
27321,大阪府豊能町,2017/2/22,2023/1/1,
27322,大阪府能勢町,2017/2/22,2024/9/5,
27341,大阪府忠岡町,2017/2/22,2024/8/26,
27361,大阪府熊取町,2017/2/22,2023/1/1,
27362,大阪府田尻町,2017/2/22,2023/1/1,
27366,大阪府岬町,2017/2/22,2023/1/1,
27381,大阪府太子町,2017/2/22,2023/1/1,
27382,大阪府河南町,2017/2/28,2023/1/1,
27383,大阪府千早赤阪村,2018/11/7,2024/7/11,
28100,兵庫県神戸市,2018/3/5,2024/3/21,
28201,兵庫県姫路市,2017/2/22,2024/6/4,
28202,兵庫県尼崎市,2017/2/22,2024/6/10,
28203,兵庫県明石市,2017/2/22,2024/3/19,
28204,兵庫県西宮市,2017/2/22,2024/4/27,
28205,兵庫県洲本市,2017/2/22,2023/3/7,
28206,兵庫県芦屋市,2017/12/25,2023/4/5,
28207,兵庫県伊丹市,2017/2/22,2023/7/6,
28208,兵庫県相生市,2018/7/2,2023/1/1,
28209,兵庫県豊岡市,2017/7/3,2024/8/21,
28210,兵庫県加古川市,2017/2/22,2024/6/5,
28212,兵庫県赤穂市,2017/2/22,2024/4/11,
28213,兵庫県西脇市,2017/7/3,2023/2/22,
28214,兵庫県宝塚市,2017/2/22,2024/7/1,
28215,兵庫県三木市,2017/3/2,2024/3/29,
28216,兵庫県高砂市,2017/2/22,2024/5/2,
28217,兵庫県川西市,2017/2/22,2024/6/5,
28218,兵庫県小野市,2017/10/25,2023/1/1,
28219,兵庫県三田市,2017/5/29,2023/4/5,
28220,兵庫県加西市,2017/2/22,2023/1/1,
28221,兵庫県丹波篠山市,2022/2/25,2024/6/4,
28222,兵庫県養父市,2018/1/22,2024/9/2,
28223,兵庫県丹波市,2020/7/13,2023/4/11,
28224,兵庫県南あわじ市,2017/2/22,2024/6/4,
28225,兵庫県朝来市,2021/11/1,2023/3/8,
28226,兵庫県淡路市,2017/2/22,2023/1/1,
28227,兵庫県宍粟市,2017/2/22,2023/1/1,
28228,兵庫県加東市,2017/3/13,2023/2/15,
28229,兵庫県たつの市,2017/2/22,2023/3/14,
28301,兵庫県猪名川町,2017/2/22,2023/1/1,
28365,兵庫県多可町,2017/9/19,2023/1/1,
28381,兵庫県稲美町,2017/2/22,2023/1/1,
28382,兵庫県播磨町,2017/2/22,2023/1/1,
28442,兵庫県市川町,2017/2/22,2023/3/8,
28443,兵庫県福崎町,2017/2/22,2023/1/1,
28446,兵庫県神河町,2017/8/7,2023/3/14,
28464,兵庫県太子町,2017/2/22,2023/4/5,
28481,兵庫県上郡町,2017/3/13,2023/3/9,
28501,兵庫県佐用町,2017/2/22,2023/1/1,
28585,兵庫県香美町,2022/2/7,2023/3/6,
28586,兵庫県新温泉町,2017/2/22,2023/3/6,
29201,奈良県奈良市,2017/8/7,2024/6/11,
29202,奈良県大和高田市,2017/10/25,2024/7/3,
29203,奈良県大和郡山市,2017/2/22,2024/6/27,
29204,奈良県天理市,2017/11/21,2024/5/10,
29205,奈良県橿原市,2017/10/25,2024/9/8,
29206,奈良県桜井市,2017/2/22,2024/7/3,
29207,奈良県五條市,2017/2/27,2024/5/1,
29208,奈良県御所市,2018/11/7,2024/7/23,
29209,奈良県生駒市,2017/2/22,2023/2/24,
29210,奈良県香芝市,2017/2/24,2023/1/1,
29211,奈良県葛城市,2018/5/28,2023/4/25,
29212,奈良県宇陀市,2019/2/18,2023/2/28,
29322,奈良県山添村,2017/3/7,2024/6/10,
29342,奈良県平群町,2017/2/22,2023/1/1,
29343,奈良県三郷町,2017/2/22,2024/6/5,
29344,奈良県斑鳩町,2018/9/10,2024/9/8,
29345,奈良県安堵町,2017/3/7,2023/1/1,
29361,奈良県川西町,2017/2/22,2024/6/10,
29362,奈良県三宅町,2017/2/24,2023/1/1,
29363,奈良県田原本町,2017/2/22,2023/1/1,
29385,奈良県曽爾村,2018/10/22,2023/1/1,
29386,奈良県御杖村,2017/9/19,2023/1/1,
29401,奈良県高取町,2018/7/17,2024/2/16,
29402,奈良県明日香村,2017/2/22,2023/1/1,
29424,奈良県上牧町,2017/8/7,2023/1/1,
29425,奈良県王寺町,2017/2/22,2023/3/9,
29426,奈良県広陵町,2017/2/22,2023/1/1,
29427,奈良県河合町,2019/12/2,2023/1/1,
29441,奈良県吉野町,2017/2/22,2023/1/1,
29442,奈良県大淀町,2017/2/22,2023/1/1,
29443,奈良県下市町,2017/2/22,2023/9/14,
29444,奈良県黒滝村,2017/2/22,2023/1/1,
29446,奈良県天川村,2017/2/22,2023/1/1,
29447,奈良県野迫川村,2018/11/20,2023/1/1,
29449,奈良県十津川村,2019/12/2,2023/1/1,
29450,奈良県下北山村,2017/2/22,2023/1/1,
29451,奈良県上北山村,2017/10/25,2023/1/1,
29452,奈良県川上村,2017/3/13,2023/1/1,
29453,奈良県東吉野村,2017/5/8,2024/6/10,
30201,和歌山県和歌山市,2017/2/27,2024/5/29,
30202,和歌山県海南市,2017/2/22,2024/4/5,
30203,和歌山県橋本市,2018/9/3,2023/3/10,
30204,和歌山県有田市,2017/2/22,2023/1/1,
30205,和歌山県御坊市,2017/2/22,2024/9/7,
30206,和歌山県田辺市,2018/5/21,2024/9/6,
30207,和歌山県新宮市,2017/2/22,2024/9/7,
30208,和歌山県紀の川市,2018/7/30,2024/8/28,
30209,和歌山県岩出市,2017/2/22,2023/1/1,
30304,和歌山県紀美野町,2018/6/18,2024/3/26,
30341,和歌山県かつらぎ町,2017/7/18,2024/9/8,
30343,和歌山県九度山町,2017/2/22,2024/5/30,
30344,和歌山県高野町,2017/2/22,2023/1/1,
30361,和歌山県湯浅町,2017/2/22,2024/3/19,
30362,和歌山県広川町,2018/7/17,2024/9/7,
30366,和歌山県有田川町,2017/2/22,2023/1/1,
30381,和歌山県美浜町,2017/2/22,2023/7/31,
30382,和歌山県日高町,2017/2/22,2024/3/18,
30383,和歌山県由良町,2017/2/22,2023/12/25,
30390,和歌山県印南町,2017/8/28,2023/1/1,
30391,和歌山県みなべ町,2017/2/22,2023/1/1,
30392,和歌山県日高川町,2018/7/2,2024/9/7,
30401,和歌山県白浜町,2017/2/22,2023/6/14,
30404,和歌山県上富田町,2017/2/22,2024/8/25,
30406,和歌山県すさみ町,2018/1/22,2023/5/9,
30421,和歌山県那智勝浦町,2017/2/22,2024/8/30,
30422,和歌山県太地町,2017/2/22,2024/9/7,
30424,和歌山県古座川町,2017/2/22,2023/1/1,
30427,和歌山県北山村,2017/2/22,2023/1/1,
30428,和歌山県串本町,2017/2/22,2024/1/31,
31201,鳥取県鳥取市,2017/2/22,2024/7/11,
31202,鳥取県米子市,2017/2/22,2023/8/30,
31203,鳥取県倉吉市,2017/2/22,2023/2/24,
31204,鳥取県境港市,2017/2/22,2023/4/17,
31302,鳥取県岩美町,2018/7/2,2023/1/1,
31325,鳥取県若桜町,2018/3/5,2024/7/23,
31328,鳥取県智頭町,2018/7/2,2023/3/10,
31329,鳥取県八頭町,2017/3/14,2023/1/1,
31364,鳥取県三朝町,2018/6/18,2024/6/10,
31370,鳥取県湯梨浜町,2017/2/22,2024/6/27,
31371,鳥取県琴浦町,2017/7/3,2023/3/14,
31372,鳥取県北栄町,2018/6/18,2023/1/1,
31384,鳥取県日吉津村,2017/2/22,2023/1/1,
31386,鳥取県大山町,2017/2/22,2024/6/27,
31389,鳥取県南部町,2018/2/5,2023/2/22,
31390,鳥取県伯耆町,2018/6/25,2023/1/1,
31401,鳥取県日南町,2018/6/25,2023/4/19,
31402,鳥取県日野町,2018/6/18,2024/6/24,
31403,鳥取県江府町,2018/7/2,2024/4/17,
32201,島根県松江市,2017/2/22,2024/5/9,
32202,島根県浜田市,2017/2/22,2024/5/28,
32203,島根県出雲市,2018/4/2,2024/5/23,
32204,島根県益田市,2017/2/22,2024/6/17,
32205,島根県大田市,2017/5/29,2023/11/15,
32206,島根県安来市,2018/1/29,2024/6/25,
32207,島根県江津市,2017/12/25,2023/1/1,
32209,島根県雲南市,2017/2/22,2024/4/10,
32343,島根県奥出雲町,2017/2/22,2024/6/6,
32386,島根県飯南町,2018/1/29,2023/1/1,
32441,島根県川本町,2018/1/22,2023/1/1,
32448,島根県美郷町,2017/2/22,2024/6/13,
32449,島根県邑南町,2017/2/22,2023/1/1,
32501,島根県津和野町,2017/8/28,2023/3/14,
32505,島根県吉賀町,2017/2/22,2023/5/11,
32525,島根県海士町,2017/10/2,2023/1/1,
32526,島根県西ノ島町,2017/2/22,2023/1/1,
32527,島根県知夫村,2018/1/22,2023/2/15,
32528,島根県隠岐の島町,2017/2/22,2023/2/21,
33100,岡山県岡山市,2017/2/22,2023/1/1,
33202,岡山県倉敷市,2017/2/22,2023/12/15,
33203,岡山県津山市,2019/2/12,2023/1/1,
33204,岡山県玉野市,2017/2/22,2024/8/30,
33205,岡山県笠岡市,2017/7/3,2023/4/6,
33207,岡山県井原市,2017/2/22,2023/10/11,
33208,岡山県総社市,2017/9/27,2023/1/1,
33209,岡山県高梁市,2019/2/4,2024/6/24,
33210,岡山県新見市,2017/2/22,2024/6/4,
33211,岡山県備前市,2019/3/18,2023/1/1,
33212,岡山県瀬戸内市,2019/1/7,2024/5/21,
33213,岡山県赤磐市,2017/2/24,2023/1/1,
33214,岡山県真庭市,2017/3/16,2024/6/5,
33215,岡山県美作市,2017/7/3,2024/5/28,
33216,岡山県浅口市,2017/6/12,2024/6/12,
33346,岡山県和気町,2017/2/22,2023/1/1,
33423,岡山県早島町,2021/3/22,2023/1/1,
33445,岡山県里庄町,2020/8/31,2024/8/22,
33461,岡山県矢掛町,2018/3/19,2024/6/25,
33586,岡山県新庄村,2018/2/5,2023/1/1,
33606,岡山県鏡野町,2019/3/29,2023/6/28,
33622,岡山県勝央町,2019/2/12,2024/6/11,
33623,岡山県奈義町,2019/2/12,2023/1/1,
33643,岡山県西粟倉村,2018/2/26,2023/1/1,
33663,岡山県久米南町,2018/1/29,2023/1/1,
33666,岡山県美咲町,2020/4/21,2023/1/1,
33681,岡山県吉備中央町,2017/5/8,2023/1/1,
34100,広島県広島市,2021/7/27,2024/4/12,
34202,広島県呉市,2018/7/6,2024/6/11,
34203,広島県竹原市,2018/9/18,2023/4/4,
34204,広島県三原市,2021/11/1,2024/9/8,
34205,広島県尾道市,2018/9/18,2023/3/14,
34207,広島県福山市,2021/7/27,2023/4/10,
34208,広島県府中市,2021/7/27,2023/4/5,
34209,広島県三次市,2021/6/28,2024/8/25,
34210,広島県庄原市,2021/6/28,2023/12/27,
34211,広島県大竹市,2021/7/27,2023/6/21,
34212,広島県東広島市,2023/5/12,2023/10/11,
34213,広島県廿日市市,2018/9/18,2023/7/10,
34214,広島県安芸高田市,2018/7/6,2024/5/28,
34215,広島県江田島市,2018/7/6,2024/9/8,
34302,広島県府中町,2018/7/17,2024/6/24,
34304,広島県海田町,2018/7/6,2023/4/4,
34307,広島県熊野町,2021/7/8,2023/1/1,
34309,広島県坂町,2018/7/6,2023/4/6,
34368,広島県安芸太田町,2023/11/15,2024/9/8,
34369,広島県北広島町,2021/7/8,2023/10/31,
34431,広島県大崎上島町,2021/7/8,2023/1/1,
34462,広島県世羅町,2021/7/27,2024/5/8,
34545,広島県神石高原町,2018/7/17,2023/1/1,
35201,山口県下関市,2017/2/22,2024/6/27,
35202,山口県宇部市,2017/2/22,2024/9/2,
35203,山口県山口市,2017/2/22,2024/5/29,
35204,山口県萩市,2017/2/22,2023/4/24,
35206,山口県防府市,2017/2/22,2023/4/13,
35207,山口県下松市,2017/2/22,2024/6/26,
35208,山口県岩国市,2017/2/22,2024/6/26,
35210,山口県光市,2017/2/22,2024/6/26,
35211,山口県長門市,2017/2/22,2023/4/25,
35212,山口県柳井市,2017/2/22,2023/10/31,
35213,山口県美祢市,2017/2/22,2023/4/13,
35215,山口県周南市,2017/2/22,2024/7/22,
35216,山口県山陽小野田市,2017/2/22,2023/3/10,
35305,山口県周防大島町,2017/2/22,2023/1/1,
35321,山口県和木町,2017/2/22,2023/1/1,
35341,山口県上関町,2017/2/24,2023/1/1,
35343,山口県田布施町,2017/2/22,2023/9/8,
35344,山口県平生町,2017/2/22,2023/1/1,
35502,山口県阿武町,2017/2/22,2023/1/1,
36201,徳島県徳島市,2017/2/22,2024/6/11,
36202,徳島県鳴門市,2017/2/22,2024/6/26,
36203,徳島県小松島市,2017/2/22,2024/6/27,
36204,徳島県阿南市,2017/2/22,2023/4/25,
36205,徳島県吉野川市,2017/2/22,2023/3/10,
36206,徳島県阿波市,2017/2/22,2023/1/1,
36207,徳島県美馬市,2017/2/22,2023/3/6,
36208,徳島県三好市,2017/2/22,2023/3/10,
36301,徳島県勝浦町,2017/2/22,2023/5/1,
36302,徳島県上勝町,2017/2/22,2023/3/1,
36321,徳島県佐那河内村,2017/12/25,2024/7/1,
36341,徳島県石井町,2017/2/22,2023/3/10,
36342,徳島県神山町,2017/9/19,2023/3/13,
36368,徳島県那賀町,2017/12/18,2024/5/20,
36383,徳島県牟岐町,2017/2/22,2024/8/26,
36387,徳島県美波町,2017/11/13,2023/1/1,
36388,徳島県海陽町,2017/6/5,2023/3/10,
36401,徳島県松茂町,2017/2/22,2023/3/14,
36402,徳島県北島町,2017/2/22,2023/2/21,
36403,徳島県藍住町,2017/2/22,2023/1/1,
36404,徳島県板野町,2017/2/22,2024/5/24,
36405,徳島県上板町,2017/2/22,2024/6/11,
36468,徳島県つるぎ町,2017/3/14,2024/8/26,
36489,徳島県東みよし町,2017/12/25,2023/1/1,
37201,香川県高松市,2017/2/22,2024/4/10,
37202,香川県丸亀市,2017/2/22,2024/6/5,
37203,香川県坂出市,2017/2/22,2024/6/4,
37204,香川県善通寺市,2017/2/22,2023/1/1,
37205,香川県観音寺市,2017/2/22,2023/7/14,
37206,香川県さぬき市,2017/2/22,2024/4/9,
37207,香川県東かがわ市,2017/2/22,2023/11/17,
37208,香川県三豊市,2017/2/22,2024/1/31,
37322,香川県土庄町,2017/2/22,2024/6/24,
37324,香川県小豆島町,2017/2/22,2023/1/1,
37341,香川県三木町,2017/2/22,2024/5/29,
37364,香川県直島町,2017/2/22,2024/6/24,
37386,香川県宇多津町,2017/2/22,2023/1/1,
37387,香川県綾川町,2017/2/22,2023/1/1,
37403,香川県琴平町,2017/2/22,2023/3/3,
37404,香川県多度津町,2017/2/22,2023/3/14,
37406,香川県まんのう町,2017/2/22,2023/1/1,
38201,愛媛県松山市,2017/2/22,2023/4/25,
38202,愛媛県今治市,2017/2/22,2023/2/24,
38203,愛媛県宇和島市,2017/2/22,2023/1/1,
38204,愛媛県八幡浜市,2017/2/22,2023/2/28,
38205,愛媛県新居浜市,2017/2/22,2023/1/1,
38206,愛媛県西条市,2017/2/28,2023/1/1,
38207,愛媛県大洲市,2017/2/22,2024/6/13,
38210,愛媛県伊予市,2017/2/22,2023/1/1,
38213,愛媛県四国中央市,2017/2/22,2023/1/1,
38214,愛媛県西予市,2017/2/22,2023/1/1,
38215,愛媛県東温市,2017/2/22,2023/4/25,
38356,愛媛県上島町,2017/2/22,2023/1/1,
38386,愛媛県久万高原町,2017/2/22,2023/1/1,
38401,愛媛県松前町,2017/2/22,2023/2/15,
38402,愛媛県砥部町,2017/2/22,2023/3/9,
38422,愛媛県内子町,2017/2/22,2023/1/1,
38442,愛媛県伊方町,2017/2/22,2024/6/27,
38484,愛媛県松野町,2017/2/22,2023/3/2,
38488,愛媛県鬼北町,2017/2/22,2023/1/1,
38506,愛媛県愛南町,2017/2/22,2023/3/9,
39201,高知県高知市,2019/3/4,2024/8/26,
39202,高知県室戸市,2019/1/28,2023/3/9,
39203,高知県安芸市,2017/2/28,2023/3/9,
39204,高知県南国市,2019/2/18,2023/1/1,
39205,高知県土佐市,2017/2/22,2023/3/10,
39206,高知県須崎市,2017/2/22,2024/5/30,
39208,高知県宿毛市,2017/2/22,2023/4/4,
39209,高知県土佐清水市,2017/3/24,2024/7/17,
39210,高知県四万十市,2017/2/22,2024/7/22,
39211,高知県香南市,2017/2/22,2023/3/7,
39212,高知県香美市,2017/2/22,2023/4/24,
39301,高知県東洋町,2017/2/22,2023/1/1,
39302,高知県奈半利町,2017/2/22,2023/1/1,
39303,高知県田野町,2017/2/22,2023/1/1,
39304,高知県安田町,2019/2/18,2023/1/1,
39305,高知県北川村,2018/5/28,2023/1/1,
39306,高知県馬路村,2019/2/18,2023/1/1,
39307,高知県芸西村,2017/2/22,2023/1/1,
39341,高知県本山町,2019/2/18,2023/1/1,
39344,高知県大豊町,,,データ未登録
39363,高知県土佐町,,,データ未登録
39364,高知県大川村,,,データ未登録
39386,高知県いの町,2017/2/22,2024/6/27,
39387,高知県仁淀川町,2018/6/11,2024/7/23,
39401,高知県中土佐町,2017/2/22,2024/6/13,
39402,高知県佐川町,2022/2/28,2024/7/10,
39403,高知県越知町,2019/2/18,2024/5/24,
39405,高知県梼原町,2017/12/25,2024/6/5,
39410,高知県日高村,2017/2/22,2024/7/11,
39411,高知県津野町,2022/3/18,2023/1/1,
39412,高知県四万十町,2018/3/5,2023/5/1,
39424,高知県大月町,2017/2/22,2023/1/1,
39427,高知県三原村,2018/6/11,2024/6/13,
39428,高知県黒潮町,2018/8/20,2023/6/5,
40100,福岡県北九州市,2017/2/22,2024/8/28,
40130,福岡県福岡市,2017/2/22,2023/1/1,
40202,福岡県大牟田市,2017/2/22,2023/4/27,
40203,福岡県久留米市,2017/2/22,2023/1/1,
40204,福岡県直方市,2017/2/22,2023/8/22,
40205,福岡県飯塚市,2017/2/22,2024/6/24,
40206,福岡県田川市,2017/2/22,2023/1/1,
40207,福岡県柳川市,2017/2/22,2023/7/12,
40210,福岡県八女市,2017/2/22,2023/1/1,
40211,福岡県筑後市,2018/2/26,2023/1/1,
40212,福岡県大川市,2017/2/22,2023/2/24,
40213,福岡県行橋市,2017/2/22,2023/3/14,
40214,福岡県豊前市,2017/2/22,2023/1/1,
40215,福岡県中間市,2017/2/22,2023/1/1,
40216,福岡県小郡市,2017/2/22,2023/1/1,
40217,福岡県筑紫野市,2017/2/22,2023/1/1,
40218,福岡県春日市,2017/2/22,2023/1/1,
40219,福岡県大野城市,2017/2/22,2024/5/4,
40220,福岡県宗像市,2017/2/22,2023/3/6,
40221,福岡県太宰府市,2017/2/22,2023/1/1,
40223,福岡県古賀市,2018/3/26,2024/6/11,
40224,福岡県福津市,2017/2/22,2024/9/2,
40225,福岡県うきは市,2018/2/26,2023/2/21,
40226,福岡県宮若市,2018/3/12,2023/4/18,
40227,福岡県嘉麻市,2017/2/22,2023/1/1,
40228,福岡県朝倉市,2017/2/22,2023/1/1,
40229,福岡県みやま市,2017/2/22,2024/6/5,
40230,福岡県糸島市,2017/2/22,2023/3/1,
40231,福岡県那珂川市,2023/1/1,2023/1/1,
40341,福岡県宇美町,2018/3/29,2023/1/1,
40342,福岡県篠栗町,2017/2/22,2023/4/24,
40343,福岡県志免町,2018/2/26,2024/7/16,
40344,福岡県須恵町,2017/2/22,2024/6/4,
40345,福岡県新宮町,2017/2/22,2023/1/1,
40348,福岡県久山町,2017/2/22,2023/1/1,
40349,福岡県粕屋町,2017/11/27,2023/1/1,
40381,福岡県芦屋町,2017/2/22,2023/1/1,
40382,福岡県水巻町,2017/2/22,2023/1/1,
40383,福岡県岡垣町,2017/2/27,2023/1/1,
40384,福岡県遠賀町,2017/2/22,2023/1/1,
40401,福岡県小竹町,2017/2/22,2023/1/1,
40402,福岡県鞍手町,2017/2/22,2024/6/12,
40421,福岡県桂川町,2018/2/26,2023/4/28,
40447,福岡県筑前町,2017/2/22,2023/1/1,
40448,福岡県東峰村,2017/2/22,2023/1/1,
40503,福岡県大刀洗町,2018/3/12,2023/1/1,
40522,福岡県大木町,2017/2/22,2023/1/1,
40544,福岡県広川町,2018/2/26,2023/10/23,
40601,福岡県香春町,2017/2/22,2023/1/1,
40602,福岡県添田町,2017/2/22,2023/5/1,
40604,福岡県糸田町,2017/2/22,2023/4/14,
40605,福岡県川崎町,2017/2/22,2023/1/1,
40608,福岡県大任町,2017/2/22,2023/1/1,
40609,福岡県赤村,2018/3/26,2023/1/1,
40610,福岡県福智町,2017/2/22,2024/2/5,
40621,福岡県苅田町,2017/2/22,2023/3/14,
40625,福岡県みやこ町,2017/11/21,2023/6/6,
40642,福岡県吉富町,2017/2/22,2023/1/1,
40646,福岡県上毛町,2017/2/22,2023/1/1,
40647,福岡県築上町,2017/3/2,2023/1/1,
41201,佐賀県佐賀市,2017/2/22,2024/6/25,
41202,佐賀県唐津市,2019/8/19,2023/1/1,
41203,佐賀県鳥栖市,2017/2/22,2023/1/1,
41204,佐賀県多久市,2017/2/22,2024/8/29,
41205,佐賀県伊万里市,2017/2/22,2023/4/14,
41206,佐賀県武雄市,2017/2/22,2023/3/1,
41207,佐賀県鹿島市,2017/2/22,2023/1/1,
41208,佐賀県小城市,2017/2/22,2023/1/1,
41209,佐賀県嬉野市,2017/2/22,2023/1/1,
41210,佐賀県神埼市,2017/2/22,2023/1/1,
41327,佐賀県吉野ヶ里町,2017/2/22,2024/5/19,
41341,佐賀県基山町,2017/2/22,2023/1/1,
41345,佐賀県上峰町,2017/2/22,2023/1/1,
41346,佐賀県みやき町,2022/1/4,2023/9/22,
41387,佐賀県玄海町,2021/3/29,2023/3/1,
41401,佐賀県有田町,2019/7/22,2024/6/26,
41423,佐賀県大町町,2017/2/22,2023/5/1,
41424,佐賀県江北町,2017/2/22,2023/1/1,
41425,佐賀県白石町,2017/2/22,2024/5/24,
41441,佐賀県太良町,2017/2/22,2023/1/1,
42201,長崎県長崎市,2017/2/22,2023/4/4,
42202,長崎県佐世保市,2017/2/22,2023/3/10,
42203,長崎県島原市,2017/3/29,2023/4/19,
42204,長崎県諫早市,2017/2/22,2023/1/1,
42205,長崎県大村市,2017/2/22,2023/1/1,
42207,長崎県平戸市,2018/2/5,2023/3/14,
42208,長崎県松浦市,2017/3/10,2023/1/1,
42209,長崎県対馬市,2018/3/12,2023/4/18,
42210,長崎県壱岐市,2017/2/22,2023/4/18,
42211,長崎県五島市,2017/3/9,2024/3/18,
42212,長崎県西海市,2017/2/22,2023/4/3,
42213,長崎県雲仙市,2017/2/22,2023/2/22,
42214,長崎県南島原市,2017/3/21,2023/4/4,
42307,長崎県長与町,2017/3/10,2023/1/1,
42308,長崎県時津町,2017/3/10,2023/1/1,
42321,長崎県東彼杵町,2018/2/26,2023/1/1,
42322,長崎県川棚町,2018/2/26,2023/1/1,
42323,長崎県波佐見町,2018/12/3,2023/3/10,
42383,長崎県小値賀町,2017/3/10,2023/1/1,
42391,長崎県佐々町,2018/3/5,2023/5/18,
42411,長崎県新上五島町,2018/3/5,2023/3/10,
43100,熊本県熊本市,2017/2/22,2023/11/24,
43202,熊本県八代市,2017/9/27,2024/6/25,
43203,熊本県人吉市,2017/2/22,2024/7/23,
43204,熊本県荒尾市,2017/2/22,2023/1/1,
43205,熊本県水俣市,2017/2/22,2023/1/1,
43206,熊本県玉名市,2017/2/22,2024/5/9,
43208,熊本県山鹿市,2017/3/2,2023/3/7,
43210,熊本県菊池市,2017/2/28,2024/7/8,
43211,熊本県宇土市,2018/2/5,2024/6/27,
43212,熊本県上天草市,2017/3/13,2023/10/13,
43213,熊本県宇城市,2017/10/10,2023/2/21,
43214,熊本県阿蘇市,2017/10/2,2024/8/30,
43215,熊本県天草市,2018/3/29,2024/6/24,
43216,熊本県合志市,2017/2/22,2024/6/13,
43348,熊本県美里町,2018/3/29,2023/4/13,
43364,熊本県玉東町,2018/3/19,2023/1/1,
43367,熊本県南関町,2017/2/22,2023/4/26,
43368,熊本県長洲町,2017/3/27,2023/1/1,
43369,熊本県和水町,2017/2/22,2023/1/1,
43403,熊本県大津町,2017/2/22,2024/5/16,
43404,熊本県菊陽町,2017/7/21,2024/7/16,
43423,熊本県南小国町,2018/3/12,2024/6/10,
43424,熊本県小国町,2017/3/16,2023/1/1,
43425,熊本県産山村,2017/2/22,2023/1/1,
43428,熊本県高森町,2017/5/17,2023/1/1,
43432,熊本県西原村,2017/10/2,2023/1/1,
43433,熊本県南阿蘇村,2017/12/4,2024/8/31,
43441,熊本県御船町,2017/10/2,2023/3/7,
43442,熊本県嘉島町,2017/3/21,2023/1/1,
43443,熊本県益城町,2017/2/22,2024/6/11,
43444,熊本県甲佐町,2018/3/12,2023/1/1,
43447,熊本県山都町,2017/9/19,2023/4/24,
43468,熊本県氷川町,2018/6/25,2023/4/13,
43482,熊本県芦北町,2017/2/22,2023/3/9,
43484,熊本県津奈木町,2017/6/26,2023/1/1,
43501,熊本県錦町,2017/2/22,2023/3/14,
43505,熊本県多良木町,2018/10/22,2023/1/1,
43506,熊本県湯前町,2017/3/21,2024/6/11,
43507,熊本県水上村,2018/3/19,2024/6/24,
43510,熊本県相良村,2018/3/26,2023/1/1,
43511,熊本県五木村,2018/3/26,2023/1/1,
43512,熊本県山江村,2017/2/22,2023/12/21,
43513,熊本県球磨村,2017/6/12,2023/1/1,
43514,熊本県あさぎり町,2017/10/2,2024/6/12,
43531,熊本県苓北町,2017/2/22,2023/1/1,
44201,大分県大分市,2018/3/26,2024/6/4,
44202,大分県別府市,2017/3/3,2024/7/3,
44203,大分県中津市,2017/2/22,2023/1/1,
44204,大分県日田市,2018/11/20,2024/7/16,
44205,大分県佐伯市,2018/8/20,2023/6/12,
44206,大分県臼杵市,2018/8/22,2023/2/20,
44207,大分県津久見市,2018/6/4,2023/1/1,
44208,大分県竹田市,2022/2/25,2024/8/30,
44209,大分県豊後高田市,2017/2/27,2024/6/4,
44210,大分県杵築市,2018/3/29,2024/8/29,
44211,大分県宇佐市,2017/6/19,2023/2/20,
44212,大分県豊後大野市,2018/12/10,2023/3/1,
44213,大分県由布市,2018/7/30,2023/3/6,
44214,大分県国東市,2017/2/22,2024/8/30,
44322,大分県姫島村,2017/2/22,2023/1/1,
44341,大分県日出町,2022/2/25,2023/3/14,
44461,大分県九重町,2018/11/7,2023/2/22,
44462,大分県玖珠町,2018/7/6,2023/1/1,
45201,宮崎県宮崎市,2017/2/22,2024/6/24,
45202,宮崎県都城市,2017/6/26,2023/5/1,
45203,宮崎県延岡市,2017/7/31,2023/6/28,
45204,宮崎県日南市,2017/2/22,2023/1/1,
45205,宮崎県小林市,2017/12/25,2023/1/1,
45206,宮崎県日向市,2017/2/27,2023/4/4,
45207,宮崎県串間市,2017/6/19,2023/1/1,
45208,宮崎県西都市,2017/2/22,2023/4/28,
45209,宮崎県えびの市,2017/6/19,2023/1/1,
45341,宮崎県三股町,2017/2/22,2023/1/1,
45361,宮崎県高原町,,,データ未登録
45382,宮崎県国富町,,,データ未登録
45383,宮崎県綾町,2017/6/19,2023/4/4,
45401,宮崎県高鍋町,2017/2/22,2024/6/26,
45402,宮崎県新富町,2017/6/26,2023/3/14,
45403,宮崎県西米良村,2018/1/22,2023/1/1,
45404,宮崎県木城町,2017/3/2,2023/4/25,
45405,宮崎県川南町,2018/7/6,2024/6/24,
45406,宮崎県都農町,2017/2/22,2023/1/1,
45421,宮崎県門川町,2017/2/22,2023/1/1,
45429,宮崎県諸塚村,2017/2/22,2023/3/14,
45430,宮崎県椎葉村,2022/3/4,2023/1/1,
45431,宮崎県美郷町,2017/2/22,2023/6/13,
45441,宮崎県高千穂町,,,データ未登録
45442,宮崎県日之影町,2018/1/22,2023/3/14,
45443,宮崎県五ヶ瀬町,2017/12/25,2023/4/28,
46201,鹿児島県鹿児島市,2017/2/22,2024/6/25,
46203,鹿児島県鹿屋市,2021/8/16,2023/4/4,
46204,鹿児島県枕崎市,2021/9/6,2023/1/1,
46206,鹿児島県阿久根市,2021/9/6,2023/1/1,
46208,鹿児島県出水市,2021/9/6,2023/3/14,
46210,鹿児島県指宿市,2021/8/16,2024/6/12,
46213,鹿児島県西之表市,2021/8/16,2024/6/26,
46214,鹿児島県垂水市,2017/11/13,2023/10/11,
46215,鹿児島県薩摩川内市,2021/9/13,2023/1/1,
46216,鹿児島県日置市,2021/10/18,2023/3/8,
46217,鹿児島県曽於市,2021/9/27,2023/4/5,
46218,鹿児島県霧島市,2022/2/18,2024/5/22,
46219,鹿児島県いちき串木野市,2021/8/16,2024/6/26,
46220,鹿児島県南さつま市,2021/8/23,2023/1/1,
46221,鹿児島県志布志市,2021/8/30,2023/1/1,
46222,鹿児島県奄美市,2021/3/11,2024/7/4,
46223,鹿児島県南九州市,2021/11/1,2023/6/28,
46224,鹿児島県伊佐市,2017/10/2,2023/1/1,
46225,鹿児島県姶良市,2021/8/10,2024/7/11,
46303,鹿児島県三島村,2021/10/18,2023/1/1,
46304,鹿児島県十島村,2021/10/25,2023/1/1,
46392,鹿児島県さつま町,2021/10/25,2023/1/1,
46404,鹿児島県長島町,2021/10/25,2023/1/1,
46452,鹿児島県湧水町,,,データ未登録
46468,鹿児島県大崎町,2021/8/23,2023/1/1,
46482,鹿児島県東串良町,2021/10/25,2023/1/1,
46490,鹿児島県錦江町,2021/10/18,2024/5/8,
46491,鹿児島県南大隅町,2021/10/18,2023/6/27,
46492,鹿児島県肝付町,2020/3/9,2023/1/1,
46501,鹿児島県中種子町,2017/6/19,2023/1/1,
46502,鹿児島県南種子町,2021/8/16,2023/3/14,
46505,鹿児島県屋久島町,2022/4/26,2023/3/10,
46523,鹿児島県大和村,2021/8/23,2023/1/1,
46524,鹿児島県宇検村,2021/10/18,2023/1/1,
46525,鹿児島県瀬戸内町,2021/9/13,2023/6/7,
46527,鹿児島県龍郷町,2022/3/18,2024/6/26,
46529,鹿児島県喜界町,2020/3/16,2023/1/1,
46530,鹿児島県徳之島町,2022/3/18,2023/4/25,
46531,鹿児島県天城町,2021/8/30,2023/1/1,
46532,鹿児島県伊仙町,2017/7/10,2023/1/1,
46533,鹿児島県和泊町,2021/8/16,2023/1/1,
46534,鹿児島県知名町,2021/8/16,2023/1/1,
46535,鹿児島県与論町,2021/8/16,2023/5/25,
47201,沖縄県那覇市,2017/2/22,2023/12/21,
47205,沖縄県宜野湾市,2017/2/22,2023/10/25,
47207,沖縄県石垣市,2017/3/24,2023/4/12,
47208,沖縄県浦添市,2018/6/4,2023/4/4,
47209,沖縄県名護市,2021/3/29,2023/10/31,
47210,沖縄県糸満市,2018/12/25,2023/10/13,
47211,沖縄県沖縄市,2020/8/3,2023/1/1,
47212,沖縄県豊見城市,2017/12/11,2023/12/27,
47213,沖縄県うるま市,2017/2/22,2023/1/1,
47214,沖縄県宮古島市,2019/11/5,2024/3/26,
47215,沖縄県南城市,2020/2/3,2023/3/9,
47301,沖縄県国頭村,2019/1/7,2023/3/14,
47302,沖縄県大宜味村,2019/1/7,2024/1/31,
47303,沖縄県東村,2020/3/23,2024/1/31,
47306,沖縄県今帰仁村,2020/2/10,2023/9/27,
47308,沖縄県本部町,2017/2/22,2023/1/1,
47311,沖縄県恩納村,2020/4/6,2024/3/28,
47313,沖縄県宜野座村,2017/3/7,2023/1/1,
47314,沖縄県金武町,2017/2/22,2023/1/1,
47315,沖縄県伊江村,,,データ未登録
47324,沖縄県読谷村,2020/1/27,2024/8/29,
47325,沖縄県嘉手納町,2019/4/8,2023/1/1,
47326,沖縄県北谷町,2021/10/25,2023/3/10,
47327,沖縄県北中城村,2020/7/6,2023/1/1,
47328,沖縄県中城村,,,データ未登録
47329,沖縄県西原町,2024/3/27,2024/3/27,
47348,沖縄県与那原町,2019/1/15,2023/10/31,
47350,沖縄県南風原町,2023/3/14,2024/5/24,
47353,沖縄県渡嘉敷村,,,データ未登録
47354,沖縄県座間味村,,,データ未登録
47355,沖縄県粟国村,2017/6/26,2023/1/1,
47356,沖縄県渡名喜村,2019/1/7,2023/1/1,
47357,沖縄県南大東村,,,データ未登録
47358,沖縄県北大東村,,,データ未登録
47359,沖縄県伊平屋村,,,データ未登録
47360,沖縄県伊是名村,,,データ未登録
47361,沖縄県久米島町,2020/9/15,2023/1/1,
47362,沖縄県八重瀬町,2020/9/15,2023/1/1,
47375,沖縄県多良間村,2020/9/15,2023/1/1,
47381,沖縄県竹富町,,,データ未登録
47382,沖縄県与那国町,,,データ未登録
